threshold,net_benefit,treat_all,treat_none,prevalence,n,n_pos,benchmark,model,n_scored
0.01,0.36617201485994383,0.3631103118386122,0.0,0.3694792087202261,12385.0,4576.0,internal_test,AGVarPred,12385
0.02,0.3634877608693861,0.3566114374696185,0.0,0.3694792087202261,12385.0,4576.0,internal_test,AGVarPred,12385
0.03,0.3611510432057402,0.34997856569095476,0.0,0.3694792087202261,12385.0,4576.0,internal_test,AGVarPred,12385
0.04,0.35803391199031087,0.34320750908356884,0.0,0.3694792087202261,12385.0,4576.0,internal_test,AGVarPred,12385
0.05,0.35126532520238823,0.3362939039160275,0.0,0.3694792087202261,12385.0,4576.0,internal_test,AGVarPred,12385
0.060000000000000005,0.348589147819514,0.329233200766198,0.0,0.3694792087202261,12385.0,4576.0,internal_test,AGVarPred,12385
0.06999999999999999,0.3468278050538069,0.32202065453787754,0.0,0.3694792087202261,12385.0,4576.0,internal_test,AGVarPred,12385
0.08,0.34502817222797566,0.3146513138263327,0.0,0.3694792087202261,12385.0,4576.0,internal_test,AGVarPred,12385
0.09,0.34083502286974227,0.30712000958266605,0.0,0.3694792087202261,12385.0,4576.0,internal_test,AGVarPred,12385
0.09999999999999999,0.33905710312654197,0.2994213430224735,0.0,0.3694792087202261,12385.0,4576.0,internal_test,AGVarPred,12385
0.11,0.3375349847813366,0.29154967271935517,0.0,0.3694792087202261,12385.0,4576.0,internal_test,AGVarPred,12385
0.12,0.3359782728373766,0.28349910081843877,0.0,0.3694792087202261,12385.0,4576.0,internal_test,AGVarPred,12385
0.13,0.3341286966528847,0.2752634582991105,0.0,0.3694792087202261,12385.0,4576.0,internal_test,AGVarPred,12385
0.14,0.332750607918431,0.26683628920956526,0.0,0.3694792087202261,12385.0,4576.0,internal_test,AGVarPred,12385
0.15000000000000002,0.3312593507326225,0.2582108337885013,0.0,0.3694792087202261,12385.0,4576.0,internal_test,AGVarPred,12385
0.16,0.3298152527058462,0.24938001038122154,0.0,0.3694792087202261,12385.0,4576.0,internal_test,AGVarPred,12385
0.17,0.3283635956826904,0.24033639604846518,0.0,0.3694792087202261,12385.0,4576.0,internal_test,AGVarPred,12385
0.18000000000000002,0.327227074450801,0.23107220575637327,0.0,0.3694792087202261,12385.0,4576.0,internal_test,AGVarPred,12385
0.19,0.32614722110079397,0.22157927002497052,0.0,0.3694792087202261,12385.0,4576.0,internal_test,AGVarPred,12385
0.2,0.3250100928542592,0.21184901090028263,0.0,0.3694792087202261,12385.0,4576.0,internal_test,AGVarPred,12385
0.21000000000000002,0.3238053382255996,0.20187241610155202,0.0,0.3694792087202261,12385.0,4576.0,internal_test,AGVarPred,12385
0.22,0.32256969245261535,0.19164001117977705,0.0,0.3694792087202261,12385.0,4576.0,internal_test,AGVarPred,12385
0.23,0.32130195198422895,0.18114182950678714,0.0,0.3694792087202261,12385.0,4576.0,internal_test,AGVarPred,12385
0.24000000000000002,0.3200008499245692,0.17036737989503434,0.0,0.3694792087202261,12385.0,4576.0,internal_test,AGVarPred,12385
0.25,0.3186650518099852,0.15930561162696816,0.0,0.3694792087202261,12385.0,4576.0,internal_test,AGVarPred,12385
0.26,0.31732152014751935,0.14794487664895417,0.0,0.3694792087202261,12385.0,4576.0,internal_test,AGVarPred,12385
0.27,0.315913527742906,0.13627288865784395,0.0,0.3694792087202261,12385.0,4576.0,internal_test,AGVarPred,12385
0.28,0.3151437671017808,0.12427667877809176,0.0,0.3694792087202261,12385.0,4576.0,internal_test,AGVarPred,12385
0.29000000000000004,0.3137143409508321,0.11194254749327615,0.0,0.3694792087202261,12385.0,4576.0,internal_test,AGVarPred,12385
0.3,0.3122440740527135,0.09925601245746585,0.0,0.3694792087202261,12385.0,4576.0,internal_test,AGVarPred,12385
0.31,0.312761463434613,0.08620175176844358,0.0,0.3694792087202261,12385.0,4576.0,internal_test,AGVarPred,12385
0.32,0.31169108741599183,0.07276354223562659,0.0,0.3694792087202261,12385.0,4576.0,internal_test,AGVarPred,12385
0.33,0.31058875987442686,0.05892419211974037,0.0,0.3694792087202261,12385.0,4576.0,internal_test,AGVarPred,12385
0.34,0.30949462326127647,0.0446654677579183,0.0,0.3694792087202261,12385.0,4576.0,internal_test,AGVarPred,12385
0.35000000000000003,0.30832582839042266,0.02996801341573241,0.0,0.3694792087202261,12385.0,4576.0,internal_test,AGVarPred,12385
0.36000000000000004,0.30721134436818737,0.014811263625353233,0.0,0.3694792087202261,12385.0,4576.0,internal_test,AGVarPred,12385
0.37,0.30597176564072004,-0.0008266528250379657,0.0,0.3694792087202261,12385.0,4576.0,internal_test,AGVarPred,12385
0.38,0.3058903199760376,-0.016969018193183694,0.0,0.3694792087202261,12385.0,4576.0,internal_test,AGVarPred,12385
0.39,0.3047737546079671,-0.03364064144225232,0.0,0.3694792087202261,12385.0,4576.0,internal_test,AGVarPred,12385
0.4,0.30367379895034313,-0.0508679854662899,0.0,0.3694792087202261,12385.0,4576.0,internal_test,AGVarPred,12385
0.41000000000000003,0.30248318427841225,-0.06867930725385407,0.0,0.3694792087202261,12385.0,4576.0,internal_test,AGVarPred,12385
0.42000000000000004,0.3022315648796514,-0.0871048125513344,0.0,0.3694792087202261,12385.0,4576.0,internal_test,AGVarPred,12385
0.43,0.3010616974410188,-0.10617682680662083,0.0,0.3694792087202261,12385.0,4576.0,internal_test,AGVarPred,12385
0.44,0.29985004902243495,-0.12592998442816766,0.0,0.3694792087202261,12385.0,4576.0,internal_test,AGVarPred,12385
0.45,0.2985943406613572,-0.14640143869049793,0.0,0.3694792087202261,12385.0,4576.0,internal_test,AGVarPred,12385
0.46,0.2972921245832025,-0.16763109496254425,0.0,0.3694792087202261,12385.0,4576.0,internal_test,AGVarPred,12385
0.47000000000000003,0.297354529596819,-0.18966187033919601,0.0,0.3694792087202261,12385.0,4576.0,internal_test,AGVarPred,12385
0.48000000000000004,0.2961709263687463,-0.2125399832303344,0.0,0.3694792087202261,12385.0,4576.0,internal_test,AGVarPred,12385
0.49,0.294940907327808,-0.23631527701916444,0.0,0.3694792087202261,12385.0,4576.0,internal_test,AGVarPred,12385
0.5,0.29366168752523214,-0.2610415825595478,0.0,0.3694792087202261,12385.0,4576.0,internal_test,AGVarPred,12385
0.51,0.29378197786987226,-0.286777125060763,0.0,0.3694792087202261,12385.0,4576.0,internal_test,AGVarPred,12385
0.52,0.2926456735298076,-0.31358498183286243,0.0,0.3694792087202261,12385.0,4576.0,internal_test,AGVarPred,12385
0.53,0.29146101581357,-0.3415335984676041,0.0,0.3694792087202261,12385.0,4576.0,internal_test,AGVarPred,12385
0.54,0.29022485124010466,-0.3706973723473346,0.0,0.3694792087202261,12385.0,4576.0,internal_test,AGVarPred,12385
0.55,0.28893374601892974,-0.4011573139550533,0.0,0.3694792087202261,12385.0,4576.0,internal_test,AGVarPred,12385
0.56,0.28758395419679234,-0.4330017983631226,0.0,0.3694792087202261,12385.0,4576.0,internal_test,AGVarPred,12385
0.5700000000000001,0.2874951882904113,-0.4663274215808697,0.0,0.3694792087202261,12385.0,4576.0,internal_test,AGVarPred,12385
0.5800000000000001,0.28617182844070205,-0.5012399792375571,0.0,0.3694792087202261,12385.0,4576.0,internal_test,AGVarPred,12385
0.59,0.28478391445198264,-0.5378555884872532,0.0,0.3694792087202261,12385.0,4576.0,internal_test,AGVarPred,12385
0.6,0.2833266047638272,-0.5763019781994346,0.0,0.3694792087202261,12385.0,4576.0,internal_test,AGVarPred,12385
0.61,0.28179456124550994,-0.6167199776404458,0.0,0.3694792087202261,12385.0,4576.0,internal_test,AGVarPred,12385
0.62,0.2801818838578076,-0.6592652402099313,0.0,0.3694792087202261,12385.0,4576.0,internal_test,AGVarPred,12385
0.63,0.282582461347096,-0.7041102467020917,0.0,0.3694792087202261,12385.0,4576.0,internal_test,AGVarPred,12385
0.64,0.2823935764589781,-0.7514466424438164,0.0,0.3694792087202261,12385.0,4576.0,internal_test,AGVarPred,12385
0.65,0.2811696176250072,-0.8014879750850685,0.0,0.3694792087202261,12385.0,4576.0,internal_test,AGVarPred,12385
0.66,0.27987366121256735,-0.8544729155287469,0.0,0.3694792087202261,12385.0,4576.0,internal_test,AGVarPred,12385
0.67,0.2784991619872524,-0.9106690644841635,0.0,0.3694792087202261,12385.0,4576.0,internal_test,AGVarPred,12385
0.68,0.27703875656035526,-0.9703774727492938,0.0,0.3694792087202261,12385.0,4576.0,internal_test,AGVarPred,12385
0.6900000000000001,0.27721619544975057,-1.033938036386368,0.0,0.3694792087202261,12385.0,4576.0,internal_test,AGVarPred,12385
0.7000000000000001,0.2758444354730184,-1.10173597093258,0.0,0.3694792087202261,12385.0,4576.0,internal_test,AGVarPred,12385
0.7100000000000001,0.2743780713599599,-1.1742096251026692,0.0,0.3694792087202261,12385.0,4576.0,internal_test,AGVarPred,12385
0.72,0.27280696695311146,-1.2518599688563352,0.0,0.3694792087202261,12385.0,4576.0,internal_test,AGVarPred,12385
0.73,0.27111948444205203,-1.3352621899250883,0.0,0.3694792087202261,12385.0,4576.0,internal_test,AGVarPred,12385
0.74,0.26930219558398805,-1.4250799664606686,0.0,0.3694792087202261,12385.0,4576.0,internal_test,AGVarPred,12385
0.75,0.26935809446911585,-1.5220831651190956,0.0,0.3694792087202261,12385.0,4576.0,internal_test,AGVarPred,12385
0.76,0.2675548378414749,-1.6271699636657249,0.0,0.3694792087202261,12385.0,4576.0,internal_test,AGVarPred,12385
0.77,0.26559477628969125,-1.7413947446946691,0.0,0.3694792087202261,12385.0,4576.0,internal_test,AGVarPred,12385
0.78,0.26345652732410907,-1.8660035967262454,0.0,0.3694792087202261,12385.0,4576.0,internal_test,AGVarPred,12385
0.79,0.2611146355999,-2.0024799584751145,0.0,0.3694792087202261,12385.0,4576.0,internal_test,AGVarPred,12385
0.8,0.2585385547032701,-2.15260395639887,0.0,0.3694792087202261,12385.0,4576.0,internal_test,AGVarPred,12385
0.81,0.25569130739646856,-2.3185304804198634,0.0,0.3694792087202261,12385.0,4576.0,internal_test,AGVarPred,12385
0.8200000000000001,0.25252769927780017,-2.5028932848876337,0.0,0.3694792087202261,12385.0,4576.0,internal_test,AGVarPred,12385
0.8300000000000001,0.2495191051794153,-2.7089458310574948,0.0,0.3694792087202261,12385.0,4576.0,internal_test,AGVarPred,12385
0.8400000000000001,0.2445498587000403,-2.9407549454985893,0.0,0.3694792087202261,12385.0,4576.0,internal_test,AGVarPred,12385
0.85,0.24290135917104025,-3.2034719418651587,0.0,0.3694792087202261,12385.0,4576.0,internal_test,AGVarPred,12385
0.86,0.23993309879462485,-3.5037199377126704,0.0,0.3694792087202261,12385.0,4576.0,internal_test,AGVarPred,12385
0.87,0.2375888947548213,-3.850159932921337,0.0,0.3694792087202261,12385.0,4576.0,internal_test,AGVarPred,12385
0.88,0.23396581886690893,-4.25433992733145,0.0,0.3694792087202261,12385.0,4576.0,internal_test,AGVarPred,12385
0.89,0.2288251917642309,-4.732007193452491,0.0,0.3694792087202261,12385.0,4576.0,internal_test,AGVarPred,12385
0.9,0.22551473556721843,-5.30520791279774,0.0,0.3694792087202261,12385.0,4576.0,internal_test,AGVarPred,12385
0.91,0.22195307944197726,-6.0057865697752675,0.0,0.3694792087202261,12385.0,4576.0,internal_test,AGVarPred,12385
0.92,0.2178037949132014,-6.881509890997179,0.0,0.3694792087202261,12385.0,4576.0,internal_test,AGVarPred,12385
0.93,0.21246900051906104,-8.007439875425348,0.0,0.3694792087202261,12385.0,4576.0,internal_test,AGVarPred,12385
0.9400000000000001,0.18250571928408016,-9.508679854662908,0.0,0.3694792087202261,12385.0,4576.0,internal_test,AGVarPred,12385
0.9500000000000001,0.14727492935002015,-11.610415825595496,0.0,0.3694792087202261,12385.0,4576.0,internal_test,AGVarPred,12385
0.9600000000000001,0.14081550262414205,-14.763019781994377,0.0,0.3694792087202261,12385.0,4576.0,internal_test,AGVarPred,12385
0.97,0.11419728165791955,-20.01735970932578,0.0,0.3694792087202261,12385.0,4576.0,internal_test,AGVarPred,12385
0.98,0.09366168752523217,-30.526039563988668,0.0,0.3694792087202261,12385.0,4576.0,internal_test,AGVarPred,12385
0.99,0.05700444085587408,-62.052079127977336,0.0,0.3694792087202261,12385.0,4576.0,internal_test,AGVarPred,12385
0.01,0.08173459009170383,0.08028511779021359,0.0,0.08948226661231146,14718.0,1317.0,humsavar,AGVarPred,14718
0.02,0.07766416799088163,0.07090027205337904,0.0,0.08948226661231146,14718.0,1317.0,humsavar,AGVarPred,14718
0.03,0.0736737258395989,0.061321924342589124,0.0,0.08948226661231146,14718.0,1317.0,humsavar,AGVarPred,14718
0.04,0.06931138741676858,0.05154402772115776,0.0,0.08948226661231146,14718.0,1317.0,humsavar,AGVarPred,14718
0.05,0.0648972614986304,0.041560280644538365,0.0,0.08948226661231146,14718.0,1317.0,humsavar,AGVarPred,14718
0.060000000000000005,0.06080411017916981,0.0313641134173526,0.0,0.08948226661231146,14718.0,1317.0,humsavar,AGVarPred,14718
0.06999999999999999,0.056809232203417076,0.020948673776678986,0.0,0.08948226661231146,14718.0,1317.0,humsavar,AGVarPred,14718
0.08,0.05272750905427841,0.010306811535121141,0.0,0.08948226661231146,14718.0,1317.0,humsavar,AGVarPred,14718
0.09,0.04788111738784384,-0.000568937788668733,0.0,0.08948226661231146,14718.0,1317.0,humsavar,AGVarPred,14718
0.09999999999999999,0.04379369177575456,-0.01168637043076505,0.0,0.08948226661231146,14718.0,1317.0,humsavar,AGVarPred,14718
0.11,0.03966098227195623,-0.023053633019874772,0.0,0.08948226661231146,14718.0,1317.0,humsavar,AGVarPred,14718
0.12,0.035445156827138086,-0.034679242486009704,0.0,0.08948226661231146,14718.0,1317.0,humsavar,AGVarPred,14718
0.13,0.03169627307558342,-0.046572107342170765,0.0,0.08948226661231146,14718.0,1317.0,humsavar,AGVarPred,14718
0.14,0.02743200068260033,-0.05874155045080065,0.0,0.08948226661231146,14718.0,1317.0,humsavar,AGVarPred,14718
0.15000000000000002,0.023068991151291324,-0.07119733339728068,0.0,0.08948226661231146,14718.0,1317.0,humsavar,AGVarPred,14718
0.16,0.018603718155287656,-0.08394968260439115,0.0,0.08948226661231146,14718.0,1317.0,humsavar,AGVarPred,14718
0.17,0.015686062636194993,-0.09700931733456455,0.0,0.08948226661231146,14718.0,1317.0,humsavar,AGVarPred,14718
0.18000000000000002,0.011308535425346086,-0.11038747974108362,0.0,0.08948226661231146,14718.0,1317.0,humsavar,AGVarPred,14718
0.19,0.006829631642785619,-0.1240959671452945,0.0,0.08948226661231146,14718.0,1317.0,humsavar,AGVarPred,14718
0.2,0.0022591384699008066,-0.1381471667346107,0.0,0.08948226661231146,14718.0,1317.0,humsavar,AGVarPred,14718
0.21000000000000002,-0.002427063390905135,-0.15255409289580832,0.0,0.08948226661231146,14718.0,1317.0,humsavar,AGVarPred,14718
0.22,-0.007233424273783012,-0.1673304274201135,0.0,0.08948226661231146,14718.0,1317.0,humsavar,AGVarPred,14718
0.23,-0.012164625699073311,-0.18249056284115395,0.0,0.08948226661231146,14718.0,1317.0,humsavar,AGVarPred,14718
0.24000000000000002,-0.017225595582923886,-0.1980496491943271,0.0,0.08948226661231146,14718.0,1317.0,humsavar,AGVarPred,14718
0.25,-0.022421524663677125,-0.21402364451691808,0.0,0.08948226661231146,14718.0,1317.0,humsavar,AGVarPred,14718
0.26,-0.027757884260126417,-0.23042936944282238,0.0,0.08948226661231146,14718.0,1317.0,humsavar,AGVarPred,14718
0.27,-0.03324044548935513,-0.2472845662845049,0.0,0.08948226661231146,14718.0,1317.0,humsavar,AGVarPred,14718
0.28,-0.038044873246666985,-0.2646079630384564,0.0,0.08948226661231146,14718.0,1317.0,humsavar,AGVarPred,14718
0.29000000000000004,-0.04376934251247397,-0.28241934279956143,0.0,0.08948226661231146,14718.0,1317.0,humsavar,AGVarPred,14718
0.3,-0.04965736804301828,-0.3007396191252694,0.0,0.08948226661231146,14718.0,1317.0,humsavar,AGVarPred,14718
0.31,-0.04866662334004898,-0.31959091795317185,0.0,0.08948226661231146,14718.0,1317.0,humsavar,AGVarPred,14718
0.32,-0.05431124753203363,-0.3389966667466009,0.0,0.08948226661231146,14718.0,1317.0,humsavar,AGVarPred,14718
0.33,-0.06012436796855515,-0.35898169162341587,0.0,0.08948226661231146,14718.0,1317.0,humsavar,AGVarPred,14718
0.34,-0.06607864210799395,-0.3795723233146797,0.0,0.08948226661231146,14718.0,1317.0,humsavar,AGVarPred,14718
0.35000000000000003,-0.07225061933582118,-0.4007965129041363,0.0,0.08948226661231146,14718.0,1317.0,humsavar,AGVarPred,14718
0.36000000000000004,-0.07861547085201799,-0.4226839584182635,0.0,0.08948226661231146,14718.0,1317.0,humsavar,AGVarPred,14718
0.37,-0.08518238114650674,-0.4452662434725216,0.0,0.08948226661231146,14718.0,1317.0,humsavar,AGVarPred,14718
0.38,-0.08525439553936588,-0.46857698933498154,0.0,0.08948226661231146,14718.0,1317.0,humsavar,AGVarPred,14718
0.39,-0.09187812848769993,-0.49265202194703045,0.0,0.08948226661231146,14718.0,1317.0,humsavar,AGVarPred,14718
0.4,-0.09872265253431174,-0.5175295556461477,0.0,0.08948226661231146,14718.0,1317.0,humsavar,AGVarPred,14718
0.41000000000000003,-0.1057519790133608,-0.5432503955723536,0.0,0.08948226661231146,14718.0,1317.0,humsavar,AGVarPred,14718
0.42000000000000004,-0.10943672069387239,-0.5698581610132563,0.0,0.08948226661231146,14718.0,1317.0,humsavar,AGVarPred,14718
0.43,-0.1167921842927743,-0.5973995322591026,0.0,0.08948226661231146,14718.0,1317.0,humsavar,AGVarPred,14718
0.44,-0.12441034302020848,-0.6259245239065867,0.0,0.08948226661231146,14718.0,1317.0,humsavar,AGVarPred,14718
0.45,-0.1323055257013675,-0.6554867879776156,0.0,0.08948226661231146,14718.0,1317.0,humsavar,AGVarPred,14718
0.46,-0.14049312255590282,-0.6861439507179419,0.0,0.08948226661231146,14718.0,1317.0,humsavar,AGVarPred,14718
0.47000000000000003,-0.13940188756163036,-0.7179579875239408,0.0,0.08948226661231146,14718.0,1317.0,humsavar,AGVarPred,14718
0.48000000000000004,-0.14764234270960727,-0.7509956411301704,0.0,0.08948226661231146,14718.0,1317.0,humsavar,AGVarPred,14718
0.49,-0.15620328849028398,-0.7853288889954677,0.0,0.08948226661231146,14718.0,1317.0,humsavar,AGVarPred,14718
0.5,-0.16517189835575485,-0.8210354667753772,0.0,0.08948226661231146,14718.0,1317.0,humsavar,AGVarPred,14718
0.51,-0.1599360494299636,-0.858199455893242,0.0,0.08948226661231146,14718.0,1317.0,humsavar,AGVarPred,14718
0.52,-0.1689201431353898,-0.8969119445576847,0.0,0.08948226661231146,14718.0,1317.0,humsavar,AGVarPred,14718
0.53,-0.17828653870062136,-0.9372717731652951,0.0,0.08948226661231146,14718.0,1317.0,humsavar,AGVarPred,14718
0.54,-0.18806016885564558,-0.9793863769297579,0.0,0.08948226661231146,14718.0,1317.0,humsavar,AGVarPred,14718
0.55,-0.19826818257311535,-1.0233727408615305,0.0,0.08948226661231146,14718.0,1317.0,humsavar,AGVarPred,14718
0.56,-0.20894019691410642,-1.0693584849720197,0.0,0.08948226661231146,14718.0,1317.0,humsavar,AGVarPred,14718
0.5700000000000001,-0.21329838166838905,-1.1174831009016017,0.0,0.08948226661231146,14718.0,1317.0,humsavar,AGVarPred,14718
0.5800000000000001,-0.22462614615080995,-1.1678993652087828,0.0,0.08948226661231146,14718.0,1317.0,humsavar,AGVarPred,14718
0.59,-0.23650648451042194,-1.220774959482167,0.0,0.08948226661231146,14718.0,1317.0,humsavar,AGVarPred,14718
0.6,-0.24898083978801466,-1.2762943334692214,0.0,0.08948226661231146,14718.0,1317.0,humsavar,AGVarPred,14718
0.61,-0.26209490559266346,-1.3346608548402272,0.0,0.08948226661231146,14718.0,1317.0,humsavar,AGVarPred,14718
0.62,-0.27589918538703057,-1.3960992983886542,0.0,0.08948226661231146,14718.0,1317.0,humsavar,AGVarPred,14718
0.63,-0.26314165776049186,-1.4608587388856449,0.0,0.08948226661231146,14718.0,1317.0,humsavar,AGVarPred,14718
0.64,-0.25601304525071344,-1.529215926076913,0.0,0.08948226661231146,14718.0,1317.0,humsavar,AGVarPred,14718
0.65,-0.2697474423931824,-1.6014792382505392,0.0,0.08948226661231146,14718.0,1317.0,humsavar,AGVarPred,14718
0.66,-0.2842897452499141,-1.677993333493202,0.0,0.08948226661231146,14718.0,1317.0,humsavar,AGVarPred,14718
0.67,-0.2995754528571488,-1.7591446466293599,0.0,0.08948226661231146,14718.0,1317.0,humsavar,AGVarPred,14718
0.68,-0.3159566517189836,-1.8453679168365273,0.0,0.08948226661231146,14718.0,1317.0,humsavar,AGVarPred,14718
0.6900000000000001,-0.30441548422164666,-1.9371539786699639,0.0,0.08948226661231146,14718.0,1317.0,humsavar,AGVarPred,14718
0.7000000000000001,-0.3215110748743037,-2.0350591112922958,0.0,0.08948226661231146,14718.0,1317.0,humsavar,AGVarPred,14718
0.7100000000000001,-0.3397856717788682,-2.1397163220265134,0.0,0.08948226661231146,14718.0,1317.0,humsavar,AGVarPred,14718
0.72,-0.35884145749616597,-2.251849047813173,0.0,0.08948226661231146,14718.0,1317.0,humsavar,AGVarPred,14718
0.73,-0.379844785674382,-2.3722879014358833,0.0,0.08948226661231146,14718.0,1317.0,humsavar,AGVarPred,14718
0.74,-0.40246375448169164,-2.5019912822603403,0.0,0.08948226661231146,14718.0,1317.0,humsavar,AGVarPred,14718
0.75,-0.4025003397200706,-2.642070933550754,0.0,0.08948226661231146,14718.0,1317.0,humsavar,AGVarPred,14718
0.76,-0.4257711645604023,-2.793823889115369,0.0,0.08948226661231146,14718.0,1317.0,humsavar,AGVarPred,14718
0.77,-0.45283799192943286,-2.9587727538595154,0.0,0.08948226661231146,14718.0,1317.0,humsavar,AGVarPred,14718
0.78,-0.4823654399683752,-3.1387169699440394,0.0,0.08948226661231146,14718.0,1317.0,humsavar,AGVarPred,14718
0.79,-0.5147050259157884,-3.335798730417565,0.0,0.08948226661231146,14718.0,1317.0,humsavar,AGVarPred,14718
0.8,-0.5502785704579428,-3.5525886669384437,0.0,0.08948226661231146,14718.0,1317.0,humsavar,AGVarPred,14718
0.81,-0.5895966986361135,-3.7921985967773093,0.0,0.08948226661231146,14718.0,1317.0,humsavar,AGVarPred,14718
0.8200000000000001,-0.6332835077229699,-4.058431852153827,0.0,0.08948226661231146,14718.0,1317.0,humsavar,AGVarPred,14718
0.8300000000000001,-0.5392716401685014,-4.355986666986405,0.0,0.08948226661231146,14718.0,1317.0,humsavar,AGVarPred,14718
0.8400000000000001,-0.5209097703492326,-4.690735833673057,0.0,0.08948226661231146,14718.0,1317.0,humsavar,AGVarPred,14718
0.85,-0.5173030755990395,-5.070118222584591,0.0,0.08948226661231146,14718.0,1317.0,humsavar,AGVarPred,14718
0.86,-0.5626734998932308,-5.503698095626347,0.0,0.08948226661231146,14718.0,1317.0,humsavar,AGVarPred,14718
0.87,-0.6079212267553075,-6.0039825645206815,0.0,0.08948226661231146,14718.0,1317.0,humsavar,AGVarPred,14718
0.88,-0.6697241473026228,-6.587647778230739,0.0,0.08948226661231146,14718.0,1317.0,humsavar,AGVarPred,14718
0.89,-0.5825272702565814,-7.277433939888079,0.0,0.08948226661231146,14718.0,1317.0,humsavar,AGVarPred,14718
0.9,-0.6509715994020928,-8.105177333876888,0.0,0.08948226661231146,14718.0,1317.0,humsavar,AGVarPred,14718
0.91,-0.6974226570639128,-9.116863704307654,0.0,0.08948226661231146,14718.0,1317.0,humsavar,AGVarPred,14718
0.92,-0.7973569778502518,-10.381471667346114,0.0,0.08948226661231146,14718.0,1317.0,humsavar,AGVarPred,14718
0.93,-0.9258439617184018,-12.007396191252703,0.0,0.08948226661231146,14718.0,1317.0,humsavar,AGVarPred,14718
0.9400000000000001,-0.7200933097794091,-14.17529555646149,0.0,0.08948226661231146,14718.0,1317.0,humsavar,AGVarPred,14718
0.9500000000000001,-0.6016442451420039,-17.210354667753798,0.0,0.08948226661231146,14718.0,1317.0,humsavar,AGVarPred,14718
0.9600000000000001,-0.7647098790596564,-21.762943334692256,0.0,0.08948226661231146,14718.0,1317.0,humsavar,AGVarPred,14718
0.97,-0.7650043031208944,-29.35059111292293,0.0,0.08948226661231146,14718.0,1317.0,humsavar,AGVarPred,14718
0.98,-1.1010327490148109,-44.52588666938439,0.0,0.08948226661231146,14718.0,1317.0,humsavar,AGVarPred,14718
0.99,-1.7898491642886247,-90.05177333876878,0.0,0.08948226661231146,14718.0,1317.0,humsavar,AGVarPred,14718
0.01,0.058354953829778566,0.058354953829778566,0.0,0.06777140429148078,4707.0,319.0,humsavar,AlphaMissense,4707
0.02,0.04875066661463821,0.04874633090967426,0.0,0.06777140429148078,4707.0,319.0,humsavar,AlphaMissense,4707
0.03,0.039011868701801886,0.038939592053072965,0.0,0.06777140429148078,4707.0,319.0,humsavar,AlphaMissense,4707
0.04,0.029397705544933074,0.028928546136959138,0.0,0.06777140429148078,4707.0,319.0,humsavar,AlphaMissense,4707
0.05,0.020752965907439087,0.018706741359453445,0.0,0.06777140429148078,4707.0,319.0,humsavar,AlphaMissense,4707
0.060000000000000005,0.01387702335588914,0.008267451373915713,0.0,0.06777140429148078,4707.0,319.0,humsavar,AlphaMissense,4707
0.06999999999999999,0.009877761558511576,-0.0023963394715260378,0.0,0.06777140429148078,4707.0,319.0,humsavar,AlphaMissense,4707
0.08,0.008165452009495568,-0.013291951857086107,0.0,0.06777140429148078,4707.0,319.0,humsavar,AlphaMissense,4707
0.09,0.008591366143947406,-0.024427028251120017,0.0,0.06777140429148078,4707.0,319.0,humsavar,AlphaMissense,4707
0.09999999999999999,0.008663220262965322,-0.03580955078724357,0.0,0.06777140429148078,4707.0,319.0,humsavar,AlphaMissense,4707
0.11,0.008531400758611966,-0.047447860346650814,0.0,0.06777140429148078,4707.0,319.0,humsavar,AlphaMissense,4707
0.12,0.007088089306062542,-0.059350676941499106,0.0,0.06777140429148078,4707.0,319.0,humsavar,AlphaMissense,4707
0.13,0.006773965895743431,-0.0715271215040451,0.0,0.06777140429148078,4707.0,319.0,humsavar,AlphaMissense,4707
0.14,0.005449577818291411,-0.0839867391959526,0.0,0.06777140429148078,4707.0,319.0,humsavar,AlphaMissense,4707
0.15000000000000002,0.004811357302640609,-0.09673952436296383,0.0,0.06777140429148078,4707.0,319.0,humsavar,AlphaMissense,4707
0.16,0.0031968597934181053,-0.10979594727204671,0.0,0.06777140429148078,4707.0,319.0,humsavar,AlphaMissense,4707
0.17,0.002905183512891582,-0.12316698278134848,0.0,0.06777140429148078,4707.0,319.0,humsavar,AlphaMissense,4707
0.18000000000000002,0.0018913191043956196,-0.1368641411079503,0.0,0.06777140429148078,4707.0,319.0,humsavar,AlphaMissense,4707
0.19,0.0003619510736570519,-0.1508995008747151,0.0,0.06777140429148078,4707.0,319.0,humsavar,AlphaMissense,4707
0.2,-0.0010622477161674054,-0.16528574463564905,0.0,0.06777140429148078,4707.0,319.0,humsavar,AlphaMissense,4707
0.21000000000000002,-0.001573202313817558,-0.18003619709939145,0.0,0.06777140429148078,4707.0,319.0,humsavar,AlphaMissense,4707
0.22,-0.0020373366453672395,-0.19516486629297336,0.0,0.06777140429148078,4707.0,319.0,humsavar,AlphaMissense,4707
0.23,-0.0023590176553847653,-0.21068648793314187,0.0,0.06777140429148078,4707.0,319.0,humsavar,AlphaMissense,4707
0.24000000000000002,-0.002896022720919579,-0.22661657330068324,0.0,0.06777140429148078,4707.0,319.0,humsavar,AlphaMissense,4707
0.25,-0.004107357835847321,-0.2429714609446923,0.0,0.06777140429148078,4707.0,319.0,humsavar,AlphaMissense,4707
0.26,-0.004754276264792516,-0.2597683725790801,0.0,0.06777140429148078,4707.0,319.0,humsavar,AlphaMissense,4707
0.27,-0.006274537194676542,-0.27702547357331403,0.0,0.06777140429148078,4707.0,319.0,humsavar,AlphaMissense,4707
0.28,-0.00801406888086302,-0.2947619384840546,0.0,0.06777140429148078,4707.0,319.0,humsavar,AlphaMissense,4707
0.29000000000000004,-0.009964182802359091,-0.31299802212467503,0.0,0.06777140429148078,4707.0,319.0,humsavar,AlphaMissense,4707
0.3,-0.011381225530365115,-0.33175513672645607,0.0,0.06777140429148078,4707.0,319.0,humsavar,AlphaMissense,4707
0.31,-0.012494496325238698,-0.3510559358094482,0.0,0.06777140429148078,4707.0,319.0,humsavar,AlphaMissense,4707
0.32,-0.014571539259425899,-0.3709244054537048,0.0,0.06777140429148078,4707.0,319.0,humsavar,AlphaMissense,4707
0.33,-0.015559550875323847,-0.39138596374405865,0.0,0.06777140429148078,4707.0,319.0,humsavar,AlphaMissense,4707
0.34,-0.01685433042985627,-0.4124675692553323,0.0,0.06777140429148078,4707.0,319.0,humsavar,AlphaMissense,4707
0.35000000000000003,-0.018728244349659265,-0.4341978395515681,0.0,0.06777140429148078,4707.0,319.0,humsavar,AlphaMissense,4707
0.36000000000000004,-0.01950552368812409,-0.4566071807945614,0.0,0.06777140429148078,4707.0,319.0,humsavar,AlphaMissense,4707
0.37,-0.020820055236881234,-0.47972792969606226,0.0,0.06777140429148078,4707.0,319.0,humsavar,AlphaMissense,4707
0.38,-0.021690413043031313,-0.5035945092072891,0.0,0.06777140429148078,4707.0,319.0,humsavar,AlphaMissense,4707
0.39,-0.023303276947134903,-0.5282435995221627,0.0,0.06777140429148078,4707.0,319.0,humsavar,AlphaMissense,4707
0.4,-0.024785780043906247,-0.5537143261808655,0.0,0.06777140429148078,4707.0,319.0,humsavar,AlphaMissense,4707
0.41000000000000003,-0.026264524887203697,-0.580048467302575,0.0,0.06777140429148078,4707.0,319.0,humsavar,AlphaMissense,4707
0.42000000000000004,-0.027889496934133333,-0.6072906822560677,0.0,0.06777140429148078,4707.0,319.0,humsavar,AlphaMissense,4707
0.43,-0.029288219486468446,-0.6354887644009108,0.0,0.06777140429148078,4707.0,319.0,humsavar,AlphaMissense,4707
0.44,-0.031366657561686245,-0.66469392090807,0.0,0.06777140429148078,4707.0,319.0,humsavar,AlphaMissense,4707
0.45,-0.03219576259729222,-0.6949610831063986,0.0,0.06777140429148078,4707.0,319.0,humsavar,AlphaMissense,4707
0.46,-0.03370079235811125,-0.7263492513120726,0.0,0.06777140429148078,4707.0,319.0,humsavar,AlphaMissense,4707
0.47000000000000003,-0.03537886167129647,-0.7589218786953194,0.0,0.06777140429148078,4707.0,319.0,humsavar,AlphaMissense,4707
0.48000000000000004,-0.036623032798941024,-0.7927472994394601,0.0,0.06777140429148078,4707.0,319.0,humsavar,AlphaMissense,4707
0.49,-0.03797848011097363,-0.8278992072716063,0.0,0.06777140429148078,4707.0,319.0,humsavar,AlphaMissense,4707
0.5,-0.03951561504142766,-0.8644571914170385,0.0,0.06777140429148078,4707.0,319.0,humsavar,AlphaMissense,4707
0.51,-0.041258568436935,-0.9025073381806515,0.0,0.06777140429148078,4707.0,319.0,humsavar,AlphaMissense,4707
0.52,-0.0434105233340415,-0.9421429077260819,0.0,0.06777140429148078,4707.0,319.0,humsavar,AlphaMissense,4707
0.53,-0.044429075754082885,-0.9834650972521688,0.0,0.06777140429148078,4707.0,319.0,humsavar,AlphaMissense,4707
0.54,-0.04588910133843214,-1.0265839037141724,0.0,0.06777140429148078,4707.0,319.0,humsavar,AlphaMissense,4707
0.55,-0.04780114722753348,-1.0716191015744876,0.0,0.06777140429148078,4707.0,319.0,humsavar,AlphaMissense,4707
0.56,-0.0491724124611314,-1.1187013538829984,0.0,0.06777140429148078,4707.0,319.0,humsavar,AlphaMissense,4707
0.5700000000000001,-0.05049876235789352,-1.1679734783919056,0.0,0.06777140429148078,4707.0,319.0,humsavar,AlphaMissense,4707
0.5800000000000001,-0.0519085050633808,-1.2195918945440938,0.0,0.06777140429148078,4707.0,319.0,humsavar,AlphaMissense,4707
0.59,-0.0526045795830807,-1.2737282822159004,0.0,0.06777140429148078,4707.0,319.0,humsavar,AlphaMissense,4707
0.6,-0.056405353728489475,-1.3305714892712979,0.0,0.06777140429148078,4707.0,319.0,humsavar,AlphaMissense,4707
0.61,-0.05794425106088587,-1.3903297325859467,0.0,0.06777140429148078,4707.0,319.0,humsavar,AlphaMissense,4707
0.62,-0.058759071036418316,-1.4532331466013664,0.0,0.06777140429148078,4707.0,319.0,humsavar,AlphaMissense,4707
0.63,-0.06020360704873133,-1.51953674515816,0.0,0.06777140429148078,4707.0,319.0,humsavar,AlphaMissense,4707
0.64,-0.0610202299176168,-1.589523876968109,0.0,0.06777140429148078,4707.0,319.0,humsavar,AlphaMissense,4707
0.65,-0.06218701629791498,-1.6635102734529124,0.0,0.06777140429148078,4707.0,319.0,humsavar,AlphaMissense,4707
0.66,-0.0645096789512491,-1.7418488109074097,0.0,0.06777140429148078,4707.0,319.0,humsavar,AlphaMissense,4707
0.67,-0.06600099143120178,-1.8249351385106647,0.0,0.06777140429148078,4707.0,319.0,humsavar,AlphaMissense,4707
0.68,-0.06612492033142131,-1.913214361589123,0.0,0.06777140429148078,4707.0,319.0,humsavar,AlphaMissense,4707
0.6900000000000001,-0.0676411932811119,-2.0071890184145786,0.0,0.06777140429148078,4707.0,319.0,humsavar,AlphaMissense,4707
0.7000000000000001,-0.07145386304086115,-2.1074286523617314,0.0,0.06777140429148078,4707.0,319.0,humsavar,AlphaMissense,4707
0.7100000000000001,-0.07330974410818815,-2.2145813645121364,0.0,0.06777140429148078,4707.0,319.0,humsavar,AlphaMissense,4707
0.72,-0.07581413699960544,-2.32938784181614,0.0,0.06777140429148078,4707.0,319.0,humsavar,AlphaMissense,4707
0.73,-0.08119506802319632,-2.452698502624145,0.0,0.06777140429148078,4707.0,319.0,humsavar,AlphaMissense,4707
0.74,-0.08277361049827586,-2.58549459887892,0.0,0.06777140429148078,4707.0,319.0,humsavar,AlphaMissense,4707
0.75,-0.08604206500956021,-2.728914382834077,0.0,0.06777140429148078,4707.0,319.0,humsavar,AlphaMissense,4707
0.76,-0.08944125770129595,-2.884285815452164,0.0,0.06777140429148078,4707.0,319.0,humsavar,AlphaMissense,4707
0.77,-0.0927757918363954,-3.053167807428345,0.0,0.06777140429148078,4707.0,319.0,humsavar,AlphaMissense,4707
0.78,-0.0970315004731831,-3.237402707765997,0.0,0.06777140429148078,4707.0,319.0,humsavar,AlphaMissense,4707
0.79,-0.10098434955031517,-3.4391837890881876,0.0,0.06777140429148078,4707.0,319.0,humsavar,AlphaMissense,4707
0.8,-0.10431272572763972,-3.661142978542597,0.0,0.06777140429148078,4707.0,319.0,humsavar,AlphaMissense,4707
0.81,-0.11023894982836319,-3.906466293202734,0.0,0.06777140429148078,4707.0,319.0,humsavar,AlphaMissense,4707
0.8200000000000001,-0.11401458820196872,-4.17904775393622,0.0,0.06777140429148078,4707.0,319.0,humsavar,AlphaMissense,4707
0.8300000000000001,-0.12029642959797054,-4.483697621814821,0.0,0.06777140429148078,4707.0,319.0,humsavar,AlphaMissense,4707
0.8400000000000001,-0.12561079243679638,-4.826428723178249,0.0,0.06777140429148078,4707.0,319.0,humsavar,AlphaMissense,4707
0.85,-0.13108136817505842,-5.214857304723461,0.0,0.06777140429148078,4707.0,319.0,humsavar,AlphaMissense,4707
0.86,-0.1306868190233391,-5.65877568363228,0.0,0.06777140429148078,4707.0,319.0,humsavar,AlphaMissense,4707
0.87,-0.13640894902845188,-6.17098919775784,0.0,0.06777140429148078,4707.0,319.0,humsavar,AlphaMissense,4707
0.88,-0.1446781389420013,-6.768571630904328,0.0,0.06777140429148078,4707.0,319.0,humsavar,AlphaMissense,4707
0.89,-0.15485640342236906,-7.474805415531994,0.0,0.06777140429148078,4707.0,319.0,humsavar,AlphaMissense,4707
0.9,-0.1646483960059486,-8.322285957085194,0.0,0.06777140429148078,4707.0,319.0,humsavar,AlphaMissense,4707
0.91,-0.17692325850388316,-9.35809550787244,0.0,0.06777140429148078,4707.0,319.0,humsavar,AlphaMissense,4707
0.92,-0.19481623114510319,-10.652857446356498,0.0,0.06777140429148078,4707.0,319.0,humsavar,AlphaMissense,4707
0.93,-0.21166044493004357,-12.317551367264569,0.0,0.06777140429148078,4707.0,319.0,humsavar,AlphaMissense,4707
0.9400000000000001,-0.21556546986757336,-14.537143261808668,0.0,0.06777140429148078,4707.0,319.0,humsavar,AlphaMissense,4707
0.9500000000000001,-0.23326959847036363,-17.64457191417041,0.0,0.06777140429148078,4707.0,319.0,humsavar,AlphaMissense,4707
0.9600000000000001,-0.2721478648820911,-22.305714892713024,0.0,0.06777140429148078,4707.0,319.0,humsavar,AlphaMissense,4707
0.97,-0.29410098434955007,-30.074286523617282,0.0,0.06777140429148078,4707.0,319.0,humsavar,AlphaMissense,4707
0.98,-0.3558529849160821,-45.61142978542592,0.0,0.06777140429148078,4707.0,319.0,humsavar,AlphaMissense,4707
0.99,-0.4265986828128316,-92.22285957085185,0.0,0.06777140429148078,4707.0,319.0,humsavar,AlphaMissense,4707
0.01,0.08123027338549976,0.08101109853665664,0.0,0.09020098755129008,14379.0,1297.0,humsavar,REVEL,14379
0.02,0.07311257488599446,0.07163366076662253,0.0,0.09020098755129008,14379.0,1297.0,humsavar,REVEL,14379
0.03,0.06623347479105769,0.06206287376421657,0.0,0.09020098755129008,14379.0,1297.0,humsavar,REVEL,14379
0.04,0.060316549597793076,0.05229269536592716,0.0,0.09020098755129008,14379.0,1297.0,humsavar,REVEL,14379
0.05,0.05528164245372454,0.04231682900135797,0.0,0.09020098755129008,14379.0,1297.0,humsavar,REVEL,14379
0.060000000000000005,0.05162522768872453,0.03212871016094688,0.0,0.09020098755129008,14379.0,1297.0,humsavar,REVEL,14379
0.06999999999999999,0.04819005015528172,0.0217214919906345,0.0,0.09020098755129008,14379.0,1297.0,humsavar,REVEL,14379
0.08,0.04514131417495925,0.011088029947054434,0.0,0.09020098755129008,14379.0,1297.0,humsavar,REVEL,14379
0.09,0.04281044777602258,0.0002208654409781019,0.0,0.09020098755129008,14379.0,1297.0,humsavar,REVEL,14379
0.09999999999999999,0.04060705813261624,-0.010887791609677691,0.0,0.09020098755129008,14379.0,1297.0,humsavar,REVEL,14379
0.11,0.039268408751526686,-0.022246081403044862,0.0,0.09020098755129008,14379.0,1297.0,humsavar,REVEL,14379
0.12,0.03813010134729309,-0.03386251414626128,0.0,0.09020098755129008,14379.0,1297.0,humsavar,REVEL,14379
0.13,0.03666346116183163,-0.045745991320356255,0.0,0.09020098755129008,14379.0,1297.0,humsavar,REVEL,14379
0.14,0.036228543887484484,-0.057905828428732486,0.0,0.09020098755129008,14379.0,1297.0,humsavar,REVEL,14379
0.15000000000000002,0.03562793780145063,-0.07035177935142348,0.0,0.09020098755129008,14379.0,1297.0,humsavar,REVEL,14379
0.16,0.03473981567033935,-0.08309406243894041,0.0,0.09020098755129008,14379.0,1297.0,humsavar,REVEL,14379
0.17,0.034232485963046844,-0.09614338849242163,0.0,0.09020098755129008,14379.0,1297.0,humsavar,REVEL,14379
0.18000000000000002,0.03388071018202357,-0.10951099079110971,0.0,0.09020098755129008,14379.0,1297.0,humsavar,REVEL,14379
0.19,0.03291580056306393,-0.12320865734408631,0.0,0.09020098755129008,14379.0,1297.0,humsavar,REVEL,14379
0.2,0.032669170317824604,-0.13724876556088741,0.0,0.09020098755129008,14379.0,1297.0,humsavar,REVEL,14379
0.21000000000000002,0.03222262423840674,-0.15164431955532906,0.0,0.09020098755129008,14379.0,1297.0,humsavar,REVEL,14379
0.22,0.031218960699453076,-0.16640899031885886,0.0,0.09020098755129008,14379.0,1297.0,humsavar,REVEL,14379
0.23,0.031011133660831136,-0.1815571590242986,0.0,0.09020098755129008,14379.0,1297.0,humsavar,REVEL,14379
0.24000000000000002,0.030446447853411947,-0.19710396374830258,0.0,0.09020098755129008,14379.0,1297.0,humsavar,REVEL,14379
0.25,0.029556992836775847,-0.21306534993161325,0.0,0.09020098755129008,14379.0,1297.0,humsavar,REVEL,14379
0.26,0.02945173422953519,-0.22945812493068912,0.0,0.09020098755129008,14379.0,1297.0,humsavar,REVEL,14379
0.27,0.029367408902061312,-0.24630001705302734,0.0,0.09020098755129008,14379.0,1297.0,humsavar,REVEL,14379
0.28,0.02907017177828778,-0.2636097395120972,0.0,0.09020098755129008,14379.0,1297.0,humsavar,REVEL,14379
0.29000000000000004,0.029023154855133994,-0.28140705978691544,0.0,0.09020098755129008,14379.0,1297.0,humsavar,REVEL,14379
0.3,0.028325037505091744,-0.2997128749267285,0.0,0.09020098755129008,14379.0,1297.0,humsavar,REVEL,14379
0.31,0.028296096057958922,-0.3185492934039275,0.0,0.09020098755129008,14379.0,1297.0,humsavar,REVEL,14379
0.32,0.027777436866672382,-0.33793972418927937,0.0,0.09020098755129008,14379.0,1297.0,humsavar,REVEL,14379
0.33,0.026980681819361356,-0.35790897380404474,0.0,0.09020098755129008,14379.0,1297.0,humsavar,REVEL,14379
0.34,0.026132385823602167,-0.37848335219501517,0.0,0.09020098755129008,14379.0,1297.0,humsavar,REVEL,14379
0.35000000000000003,0.025539381683758883,-0.3996907883826308,0.0,0.09020098755129008,14379.0,1297.0,humsavar,REVEL,14379
0.36000000000000004,0.024932192781139152,-0.42156095695110934,0.0,0.09020098755129008,14379.0,1297.0,humsavar,REVEL,14379
0.37,0.024225143148573137,-0.4441254165852539,0.0,0.09020098755129008,14379.0,1297.0,humsavar,REVEL,14379
0.38,0.024074086537490838,-0.46741776201404833,0.0,0.09020098755129008,14379.0,1297.0,humsavar,REVEL,14379
0.39,0.02337995186514031,-0.49147379089952453,0.0,0.09020098755129008,14379.0,1297.0,humsavar,REVEL,14379
0.4,0.02325150103159699,-0.5163316874145167,0.0,0.09020098755129008,14379.0,1297.0,humsavar,REVEL,14379
0.41000000000000003,0.022334831516300252,-0.542032224489339,0.0,0.09020098755129008,14379.0,1297.0,humsavar,REVEL,14379
0.42000000000000004,0.021492070572266535,-0.5686189869805345,0.0,0.09020098755129008,14379.0,1297.0,humsavar,REVEL,14379
0.43,0.020500168984252144,-0.59613861833107,0.0,0.09020098755129008,14379.0,1297.0,humsavar,REVEL,14379
0.44,0.0193834262267394,-0.6246410936584106,0.0,0.09020098755129008,14379.0,1297.0,humsavar,REVEL,14379
0.45,0.01861932489931655,-0.654180022634018,0.0,0.09020098755129008,14379.0,1297.0,humsavar,REVEL,14379
0.46,0.018545564132878965,-0.6848129860161296,0.0,0.09020098755129008,14379.0,1297.0,humsavar,REVEL,14379
0.47000000000000003,0.018478205244283126,-0.7166019102805847,0.0,0.09020098755129008,14379.0,1297.0,humsavar,REVEL,14379
0.48000000000000004,0.017675349200490034,-0.7496134854782883,0.0,0.09020098755129008,14379.0,1297.0,humsavar,REVEL,14379
0.49,0.016658280253474232,-0.7839196322523723,0.0,0.09020098755129008,14379.0,1297.0,humsavar,REVEL,14379
0.5,0.016343278392099585,-0.81959802489742,0.0,0.09020098755129008,14379.0,1297.0,humsavar,REVEL,14379
0.51,0.015346927421083185,-0.856732678466755,0.0,0.09020098755129008,14379.0,1297.0,humsavar,REVEL,14379
0.52,0.014251106938359175,-0.8954146092681459,0.0,0.09020098755129008,14379.0,1297.0,humsavar,REVEL,14379
0.53,0.01379079715838552,-0.9357425796781065,0.0,0.09020098755129008,14379.0,1297.0,humsavar,REVEL,14379
0.54,0.012566635522213848,-0.9778239401058912,0.0,0.09020098755129008,14379.0,1297.0,humsavar,REVEL,14379
0.55,0.012247799646088811,-1.0217755832193556,0.0,0.09020098755129008,14379.0,1297.0,humsavar,REVEL,14379
0.56,0.01117159493958992,-1.0677250282925228,0.0,0.09020098755129008,14379.0,1297.0,humsavar,REVEL,14379
0.5700000000000001,0.010189277968354997,-1.1158116568574652,0.0,0.09020098755129008,14379.0,1297.0,humsavar,REVEL,14379
0.5800000000000001,0.00961719968605007,-1.1661881248778811,0.0,0.09020098755129008,14379.0,1297.0,humsavar,REVEL,14379
0.59,0.008179272278848397,-1.2190219815822192,0.0,0.09020098755129008,14379.0,1297.0,humsavar,REVEL,14379
0.6,0.008658460254537884,-1.2744975311217746,0.0,0.09020098755129008,14379.0,1297.0,humsavar,REVEL,14379
0.61,0.008265258630374424,-1.3328179806377178,0.0,0.09020098755129008,14379.0,1297.0,humsavar,REVEL,14379
0.62,0.00698386901951311,-1.394207927496605,0.0,0.09020098755129008,14379.0,1297.0,humsavar,REVEL,14379
0.63,0.007338028619063464,-1.4589162498613781,0.0,0.09020098755129008,14379.0,1297.0,humsavar,REVEL,14379
0.64,0.006243673258069252,-1.5272194790241944,0.0,0.09020098755129008,14379.0,1297.0,humsavar,REVEL,14379
0.65,0.005504058498007995,-1.5994257498534572,0.0,0.09020098755129008,14379.0,1297.0,humsavar,REVEL,14379
0.66,0.003473202341650203,-1.6758794483785588,0.0,0.09020098755129008,14379.0,1297.0,humsavar,REVEL,14379
0.67,0.0012181063714549883,-1.7569667043900306,0.0,0.09020098755129008,14379.0,1297.0,humsavar,REVEL,14379
0.68,0.0012170526462201708,-1.843121913902219,0.0,0.09020098755129008,14379.0,1297.0,humsavar,REVEL,14379
0.6900000000000001,0.0005877747342113854,-1.9348355240280972,0.0,0.09020098755129008,14379.0,1297.0,humsavar,REVEL,14379
0.7000000000000001,4.636391033218529e-05,-2.032663374829034,0.0,0.09020098755129008,14379.0,1297.0,humsavar,REVEL,14379
0.7100000000000001,-0.0003980901266454409,-2.13723797396107,0.0,0.09020098755129008,14379.0,1297.0,humsavar,REVEL,14379
0.72,-0.0014405929281789825,-2.249282187316821,0.0,0.09020098755129008,14379.0,1297.0,humsavar,REVEL,14379
0.73,-0.002568045477844484,-2.3696259720322588,0.0,0.09020098755129008,14379.0,1297.0,humsavar,REVEL,14379
0.74,-0.0032793550423427242,-2.4992269709565766,0.0,0.09020098755129008,14379.0,1297.0,humsavar,REVEL,14379
0.75,-0.005355031643368792,-2.63919604979484,0.0,0.09020098755129008,14379.0,1297.0,humsavar,REVEL,14379
0.76,-0.007510953473815987,-2.7908292185362917,0.0,0.09020098755129008,14379.0,1297.0,humsavar,REVEL,14379
0.77,-0.008130818796735578,-2.955647880211783,0.0,0.09020098755129008,14379.0,1297.0,humsavar,REVEL,14379
0.78,-0.00865529907883341,-3.1354500565850456,0.0,0.09020098755129008,14379.0,1297.0,humsavar,REVEL,14379
0.79,-0.007265887090631522,-3.3323762497557627,0.0,0.09020098755129008,14379.0,1297.0,humsavar,REVEL,14379
0.8,-0.007580499339314289,-3.548995062243551,0.0,0.09020098755129008,14379.0,1297.0,humsavar,REVEL,14379
0.81,-0.009066584675751568,-3.788415854993212,0.0,0.09020098755129008,14379.0,1297.0,humsavar,REVEL,14379
0.8200000000000001,-0.010949610156787304,-4.05443895804839,0.0,0.09020098755129008,14379.0,1297.0,humsavar,REVEL,14379
0.8300000000000001,-0.011806433401651932,-4.3517588967571195,0.0,0.09020098755129008,14379.0,1297.0,humsavar,REVEL,14379
0.8400000000000001,-0.01124904374434943,-4.68624382780444,0.0,0.09020098755129008,14379.0,1297.0,humsavar,REVEL,14379
0.85,-0.011359158031388365,-5.065326749658066,0.0,0.09020098755129008,14379.0,1297.0,humsavar,REVEL,14379
0.86,-0.011892343000208635,-5.498564374633642,0.0,0.09020098755129008,14379.0,1297.0,humsavar,REVEL,14379
0.87,-0.010929400247155299,-5.998453941913153,0.0,0.09020098755129008,14379.0,1297.0,humsavar,REVEL,14379
0.88,-0.012193708417367926,-6.5816584370725835,0.0,0.09020098755129008,14379.0,1297.0,humsavar,REVEL,14379
0.89,-0.0113233313734044,-7.270900113170091,0.0,0.09020098755129008,14379.0,1297.0,humsavar,REVEL,14379
0.9,-0.014604631754642196,-8.0979901244871,0.0,0.09020098755129008,14379.0,1297.0,humsavar,REVEL,14379
0.91,-0.015338727001568658,-9.10887791609678,0.0,0.09020098755129008,14379.0,1297.0,humsavar,REVEL,14379
0.92,-0.011266430210723988,-10.37248765560888,0.0,0.09020098755129008,14379.0,1297.0,humsavar,REVEL,14379
0.93,-0.009577459191479658,-11.997128749267294,0.0,0.09020098755129008,14379.0,1297.0,humsavar,REVEL,14379
0.9400000000000001,-0.008994598604446319,-14.163316874145181,0.0,0.09020098755129008,14379.0,1297.0,humsavar,REVEL,14379
0.9500000000000001,-0.008067320397802379,-17.195980248974223,0.0,0.09020098755129008,14379.0,1297.0,humsavar,REVEL,14379
0.9600000000000001,-0.009249600111273418,-21.74497531121779,0.0,0.09020098755129008,14379.0,1297.0,humsavar,REVEL,14379
0.97,-0.012564619700025488,-29.326633748290305,0.0,0.09020098755129008,14379.0,1297.0,humsavar,REVEL,14379
0.98,-0.017386466374574014,-44.48995062243546,0.0,0.09020098755129008,14379.0,1297.0,humsavar,REVEL,14379
0.99,0.0011127338479727381,-89.97990124487093,0.0,0.09020098755129008,14379.0,1297.0,humsavar,REVEL,14379
0.01,0.36224358177514193,0.49127372708158734,0.0,0.4963609898107715,7557.0,3751.0,mave_independent,AGVarPred,7557
0.02,0.3382672640314562,0.48608264266405254,0.0,0.4963609898107715,7557.0,3751.0,mave_independent,AGVarPred,7557
0.03,0.3344110533143982,0.4807845255781149,0.0,0.4963609898107715,7557.0,3751.0,mave_independent,AGVarPred,7557
0.04,0.30689537294340785,0.47537603105288695,0.0,0.4963609898107715,7557.0,3751.0,mave_independent,AGVarPred,7557
0.05,0.25615149425767675,0.4698536734850226,0.0,0.4963609898107715,7557.0,3751.0,mave_independent,AGVarPred,7557
0.060000000000000005,0.24901528525053568,0.46421381894762925,0.0,0.4963609898107715,7557.0,3751.0,mave_independent,AGVarPred,7557
0.06999999999999999,0.24617494852739255,0.45845267721588334,0.0,0.4963609898107715,7557.0,3751.0,mave_independent,AGVarPred,7557
0.08,0.24326423529005647,0.4525662932725777,0.0,0.4963609898107715,7557.0,3751.0,mave_independent,AGVarPred,7557
0.09,0.22912167890333832,0.44655053825359503,0.0,0.4963609898107715,7557.0,3751.0,mave_independent,AGVarPred,7557
0.09999999999999999,0.22420713687089236,0.44040109978974606,0.0,0.4963609898107715,7557.0,3751.0,mave_independent,AGVarPred,7557
0.11,0.22128304288159056,0.43411347169749603,0.0,0.4963609898107715,7557.0,3751.0,mave_independent,AGVarPred,7557
0.12,0.21829249221071376,0.4276829429667858,0.0,0.4963609898107715,7557.0,3751.0,mave_independent,AGVarPred,7557
0.13,0.20620753537482944,0.4211045859893925,0.0,0.4963609898107715,7557.0,3751.0,mave_independent,AGVarPred,7557
0.14,0.20325218263676675,0.4143732439660133,0.0,0.4963609898107715,7557.0,3751.0,mave_independent,AGVarPred,7557
0.15000000000000002,0.20022729218722024,0.407483517424437,0.0,0.4963609898107715,7557.0,3751.0,mave_independent,AGVarPred,7557
0.16,0.19713038053649407,0.40042974977472795,0.0,0.4963609898107715,7557.0,3751.0,mave_independent,AGVarPred,7557
0.17,0.17990979399933993,0.3932060118202066,0.0,0.4963609898107715,7557.0,3751.0,mave_independent,AGVarPred,7557
0.18000000000000002,0.17694465154258526,0.3858060851350872,0.0,0.4963609898107715,7557.0,3751.0,mave_independent,AGVarPred,7557
0.19,0.17316950844364723,0.378223444210829,0.0,0.4963609898107715,7557.0,3751.0,mave_independent,AGVarPred,7557
0.2,0.17004102156940587,0.37045123726346435,0.0,0.4963609898107715,7557.0,3751.0,mave_independent,AGVarPred,7557
0.21000000000000002,0.1668333324958166,0.362482265583255,0.0,0.4963609898107715,7557.0,3751.0,mave_independent,AGVarPred,7557
0.22,0.16354339498444304,0.35430896129586087,0.0,0.4963609898107715,7557.0,3751.0,mave_independent,AGVarPred,7557
0.23,0.16003567690745144,0.3459233633906123,0.0,0.4963609898107715,7557.0,3751.0,mave_independent,AGVarPred,7557
0.24000000000000002,0.15657146040965852,0.33731709185627823,0.0,0.4963609898107715,7557.0,3751.0,mave_independent,AGVarPred,7557
0.25,0.15301486480525783,0.32848131974769534,0.0,0.4963609898107715,7557.0,3751.0,mave_independent,AGVarPred,7557
0.26,0.1493621449953328,0.319406742987529,0.0,0.4963609898107715,7557.0,3751.0,mave_independent,AGVarPred,7557
0.27,0.1456093506700673,0.31008354768598834,0.0,0.4963609898107715,7557.0,3751.0,mave_independent,AGVarPred,7557
0.28,0.13995118580271418,0.3005013747371826,0.0,0.4963609898107715,7557.0,3751.0,mave_independent,AGVarPred,7557
0.29000000000000004,0.13603468102514782,0.2906492814236218,0.0,0.4963609898107715,7557.0,3751.0,mave_independent,AGVarPred,7557
0.3,0.13200627611107962,0.2805156997296735,0.0,0.4963609898107715,7557.0,3751.0,mave_independent,AGVarPred,7557
0.31,0.11561600435722327,0.27008839103010357,0.0,0.4963609898107715,7557.0,3751.0,mave_independent,AGVarPred,7557
0.32,0.11187913037386452,0.2593543967805463,0.0,0.4963609898107715,7557.0,3751.0,mave_independent,AGVarPred,7557
0.33,0.10803070791339056,0.2482999847921962,0.0,0.4963609898107715,7557.0,3751.0,mave_independent,AGVarPred,7557
0.34,0.10406566659047801,0.23691059062238096,0.0,0.4963609898107715,7557.0,3751.0,mave_independent,AGVarPred,7557
0.35000000000000003,0.09997862399609124,0.22517075355503302,0.0,0.4963609898107715,7557.0,3751.0,mave_independent,AGVarPred,7557
0.36000000000000004,0.09576386132062988,0.21306404657933037,0.0,0.4963609898107715,7557.0,3751.0,mave_independent,AGVarPred,7557
0.37,0.09141529665547134,0.20057299969963727,0.0,0.4963609898107715,7557.0,3751.0,mave_independent,AGVarPred,7557
0.38,0.08487324292367256,0.18767901582382496,0.0,0.4963609898107715,7557.0,3751.0,mave_independent,AGVarPred,7557
0.39,0.08061573570915684,0.17436227837831386,0.0,0.4963609898107715,7557.0,3751.0,mave_independent,AGVarPred,7557
0.4,0.07622072250893208,0.1606016496846191,0.0,0.4963609898107715,7557.0,3751.0,mave_independent,AGVarPred,7557
0.41000000000000003,0.07145692735212385,0.14637455900130758,0.0,0.4963609898107715,7557.0,3751.0,mave_independent,AGVarPred,7557
0.42000000000000004,0.06525121718616672,0.13165687898408868,0.0,0.4963609898107715,7557.0,3751.0,mave_independent,AGVarPred,7557
0.43,0.06047605450041674,0.1164227891417044,0.0,0.4963609898107715,7557.0,3751.0,mave_independent,AGVarPred,7557
0.44,0.055530350290175626,0.10064462466209195,0.0,0.4963609898107715,7557.0,3751.0,mave_independent,AGVarPred,7557
0.45,0.05040480229047123,0.08429270874685729,0.0,0.4963609898107715,7557.0,3751.0,mave_independent,AGVarPred,7557
0.46,0.045089419179666634,0.06733516631624348,0.0,0.4963609898107715,7557.0,3751.0,mave_independent,AGVarPred,7557
0.47000000000000003,0.03656487425128768,0.049737716624097095,0.0,0.4963609898107715,7557.0,3751.0,mave_independent,AGVarPred,7557
0.48000000000000004,0.03124968190470373,0.031463441943791304,0.0,0.4963609898107715,7557.0,3751.0,mave_independent,AGVarPred,7557
0.49,0.025726050642567472,0.01247252904072843,0.0,0.4963609898107715,7557.0,3751.0,mave_independent,AGVarPred,7557
0.5,0.019981474129945748,-0.00727802037845704,0.0,0.4963609898107715,7557.0,3751.0,mave_independent,AGVarPred,7557
0.51,0.014045634132970358,-0.02783471467189491,0.0,0.4963609898107715,7557.0,3751.0,mave_independent,AGVarPred,7557
0.52,0.00841383264964049,-0.04924793789422621,0.0,0.4963609898107715,7557.0,3751.0,mave_independent,AGVarPred,7557
0.53,0.0025423800393604146,-0.0715723621047416,0.0,0.4963609898107715,7557.0,3751.0,mave_independent,AGVarPred,7557
0.54,-0.003584353119192696,-0.09486741345484462,0.0,0.4963609898107715,7557.0,3751.0,mave_independent,AGVarPred,7557
0.55,-0.00998338552923711,-0.11919780042050798,0.0,0.4963609898107715,7557.0,3751.0,mave_independent,AGVarPred,7557
0.56,-0.016673283048828924,-0.14463411406642857,0.0,0.4963609898107715,7557.0,3751.0,mave_independent,AGVarPred,7557
0.5700000000000001,-0.022535705383273208,-0.17125351206797346,0.0,0.4963609898107715,7557.0,3751.0,mave_independent,AGVarPred,7557
0.5800000000000001,-0.029496461810872343,-0.19914050045054432,0.0,0.4963609898107715,7557.0,3751.0,mave_independent,AGVarPred,7557
0.59,-0.03679676733250062,-0.22838782972982552,0.0,0.4963609898107715,7557.0,3751.0,mave_independent,AGVarPred,7557
0.6,-0.04446208813021038,-0.2590975254730712,0.0,0.4963609898107715,7557.0,3751.0,mave_independent,AGVarPred,7557
0.61,-0.05252050230216171,-0.29138207740827826,0.0,0.4963609898107715,7557.0,3751.0,mave_independent,AGVarPred,7557
0.62,-0.06078714053892176,-0.32536581628744343,0.0,0.4963609898107715,7557.0,3751.0,mave_independent,AGVarPred,7557
0.63,-0.05922198498617712,-0.36118651402494195,0.0,0.4963609898107715,7557.0,3751.0,mave_independent,AGVarPred,7557
0.64,-0.06500227897607812,-0.39899725052563484,0.0,0.4963609898107715,7557.0,3751.0,mave_independent,AGVarPred,7557
0.65,-0.07302595512202502,-0.438968600540653,0.0,0.4963609898107715,7557.0,3751.0,mave_independent,AGVarPred,7557
0.66,-0.08152161221773348,-0.48129120643890755,0.0,0.4963609898107715,7557.0,3751.0,mave_independent,AGVarPred,7557
0.67,-0.09053215762227278,-0.5261788187552381,0.0,0.4963609898107715,7557.0,3751.0,mave_independent,AGVarPred,7557
0.68,-0.10010586211459578,-0.5738719068413394,0.0,0.4963609898107715,7557.0,3751.0,mave_independent,AGVarPred,7557
0.6900000000000001,-0.10410343753068087,-0.6246419683523503,0.0,0.4963609898107715,7557.0,3751.0,mave_independent,AGVarPred,7557
0.7000000000000001,-0.11397821004807908,-0.678796700630762,0.0,0.4963609898107715,7557.0,3751.0,mave_independent,AGVarPred,7557
0.7100000000000001,-0.1245340013597807,-0.736686242031823,0.0,0.4963609898107715,7557.0,3751.0,mave_independent,AGVarPred,7557
0.72,-0.13597610540841978,-0.798710750675816,0.0,0.4963609898107715,7557.0,3751.0,mave_independent,AGVarPred,7557
0.73,-0.14812364302902872,-0.8653296673675128,0.0,0.4963609898107715,7557.0,3751.0,mave_independent,AGVarPred,7557
0.74,-0.1609613094329251,-0.9370731161124173,0.0,0.4963609898107715,7557.0,3751.0,mave_independent,AGVarPred,7557
0.75,-0.16646817520179968,-1.014556040756914,0.0,0.4963609898107715,7557.0,3751.0,mave_independent,AGVarPred,7557
0.76,-0.18093599752988404,-1.0984958757884524,0.0,0.4963609898107715,7557.0,3751.0,mave_independent,AGVarPred,7557
0.77,-0.19651805696992714,-1.1897348269096892,0.0,0.4963609898107715,7557.0,3751.0,mave_independent,AGVarPred,7557
0.78,-0.213516667268156,-1.2892682281328571,0.0,0.4963609898107715,7557.0,3751.0,mave_independent,AGVarPred,7557
0.79,-0.2321341928328829,-1.3982810009010886,0.0,0.4963609898107715,7557.0,3751.0,mave_independent,AGVarPred,7557
0.8,-0.2526134709540824,-1.518195050946143,0.0,0.4963609898107715,7557.0,3751.0,mave_independent,AGVarPred,7557
0.81,-0.275248462561724,-1.6507316325748878,0.0,0.4963609898107715,7557.0,3751.0,mave_independent,AGVarPred,7557
0.8200000000000001,-0.29979562730654447,-1.7979945010512706,0.0,0.4963609898107715,7557.0,3751.0,mave_independent,AGVarPred,7557
0.8300000000000001,-0.2655893639710749,-1.962582412877816,0.0,0.4963609898107715,7557.0,3751.0,mave_independent,AGVarPred,7557
0.8400000000000001,-0.2629019452163559,-2.1477438136826796,0.0,0.4963609898107715,7557.0,3751.0,mave_independent,AGVarPred,7557
0.85,-0.2671695117109964,-2.357593401261523,0.0,0.4963609898107715,7557.0,3751.0,mave_independent,AGVarPred,7557
0.86,-0.2942021588309797,-2.597421501351632,0.0,0.4963609898107715,7557.0,3751.0,mave_independent,AGVarPred,7557
0.87,-0.32277765902220046,-2.8741462322248346,0.0,0.4963609898107715,7557.0,3751.0,mave_independent,AGVarPred,7557
0.88,-0.3588284592651405,-3.1969917515769044,0.0,0.4963609898107715,7557.0,3751.0,mave_independent,AGVarPred,7557
0.89,-0.31308720391689826,-3.5785364562657147,0.0,0.4963609898107715,7557.0,3751.0,mave_independent,AGVarPred,7557
0.9,-0.3527854968903005,-4.0363901018922865,0.0,0.4963609898107715,7557.0,3751.0,mave_independent,AGVarPred,7557
0.91,-0.3725170188052286,-4.595989002102541,0.0,0.4963609898107715,7557.0,3751.0,mave_independent,AGVarPred,7557
0.92,-0.42894005557761045,-5.29548762736536,0.0,0.4963609898107715,7557.0,3751.0,mave_independent,AGVarPred,7557
0.93,-0.5014839599992442,-6.194843002703269,0.0,0.4963609898107715,7557.0,3751.0,mave_independent,AGVarPred,7557
0.9400000000000001,-0.3602399541264174,-7.393983503153817,0.0,0.4963609898107715,7557.0,3751.0,mave_independent,AGVarPred,7557
0.9500000000000001,-0.28476908826253844,-9.072780203784585,0.0,0.4963609898107715,7557.0,3751.0,mave_independent,AGVarPred,7557
0.9600000000000001,-0.36350403599311965,-11.590975254730736,0.0,0.4963609898107715,7557.0,3751.0,mave_independent,AGVarPred,7557
0.97,-0.31670415949891906,-15.787967006307603,0.0,0.4963609898107715,7557.0,3751.0,mave_independent,AGVarPred,7557
0.98,-0.4264919941775833,-24.181950509461405,0.0,0.4963609898107715,7557.0,3751.0,mave_independent,AGVarPred,7557
0.99,-0.5703321423845437,-49.3639010189228,0.0,0.4963609898107715,7557.0,3751.0,mave_independent,AGVarPred,7557
0.01,0.5127255996821214,0.5127255996821214,0.0,0.5175983436853002,483.0,250.0,mave_independent,AlphaMissense,483
0.02,0.5077534119237758,0.5077534119237758,0.0,0.5175983436853002,483.0,250.0,mave_independent,AlphaMissense,483
0.03,0.5026787048302064,0.5026787048302064,0.0,0.5175983436853002,483.0,250.0,mave_independent,AlphaMissense,483
0.04,0.4975845410628019,0.4974982746721877,0.0,0.5175983436853002,483.0,250.0,mave_independent,AlphaMissense,483
0.05,0.4924267189713414,0.49220878282663183,0.0,0.5175983436853002,483.0,250.0,mave_independent,AlphaMissense,483
0.060000000000000005,0.4872032069071847,0.48680674860138323,0.0,0.5175983436853002,483.0,250.0,mave_independent,AlphaMissense,483
0.06999999999999999,0.4819118858389546,0.481288541597097,0.0,0.5175983436853002,483.0,250.0,mave_independent,AlphaMissense,483
0.08,0.47673057880997394,0.4756503735709785,0.0,0.5175983436853002,483.0,250.0,mave_independent,AlphaMissense,483
0.09,0.4704798307282779,0.46988828976406616,0.0,0.5175983436853002,483.0,250.0,mave_independent,AlphaMissense,483
0.09999999999999999,0.4656084656084656,0.4639981596503336,0.0,0.5175983436853002,483.0,250.0,mave_independent,AlphaMissense,483
0.11,0.4610231000069788,0.4579756670621351,0.0,0.5175983436853002,483.0,250.0,mave_independent,AlphaMissense,483
0.12,0.45652173913043476,0.4518162996423866,0.0,0.5175983436853002,483.0,250.0,mave_independent,AlphaMissense,483
0.13,0.4514885414435639,0.4455153375693106,0.0,0.5175983436853002,483.0,250.0,mave_independent,AlphaMissense,483
0.14,0.4460975492320285,0.43906784149453515,0.0,0.5175983436853002,483.0,250.0,mave_independent,AlphaMissense,483
0.15000000000000002,0.4385580319084156,0.43246863962976495,0.0,0.5175983436853002,483.0,250.0,mave_independent,AlphaMissense,483
0.16,0.4345854283742483,0.42571231391107167,0.0,0.5175983436853002,483.0,250.0,mave_independent,AlphaMissense,483
0.17,0.4290703185412458,0.41879318516301234,0.0,0.5175983436853002,483.0,250.0,mave_independent,AlphaMissense,483
0.18000000000000002,0.42114831086199056,0.4117052971771954,0.0,0.5175983436853002,483.0,250.0,mave_independent,AlphaMissense,483
0.19,0.4135163458834957,0.40444239961148176,0.0,0.5175983436853002,483.0,250.0,mave_independent,AlphaMissense,483
0.2,0.4089026915113872,0.3969979296066253,0.0,0.5175983436853002,483.0,250.0,mave_independent,AlphaMissense,483
0.21000000000000002,0.3990879786146709,0.38936499200670915,0.0,0.5175983436853002,483.0,250.0,mave_independent,AlphaMissense,483
0.22,0.39507352550830804,0.3815363380580772,0.0,0.5175983436853002,483.0,250.0,mave_independent,AlphaMissense,483
0.23,0.3893146191282837,0.3735043424484419,0.0,0.5175983436853002,483.0,250.0,mave_independent,AlphaMissense,483
0.24000000000000002,0.3807344448076714,0.36526097853328976,0.0,0.5175983436853002,483.0,250.0,mave_independent,AlphaMissense,483
0.25,0.37750172532781234,0.3567977915804003,0.0,0.5175983436853002,483.0,250.0,mave_independent,AlphaMissense,483
0.26,0.36948128252476076,0.34810586984500025,0.0,0.5175983436853002,483.0,250.0,mave_independent,AlphaMissense,483
0.27,0.3613545477750362,0.33917581326753454,0.0,0.5175983436853002,483.0,250.0,mave_independent,AlphaMissense,483
0.28,0.3543823326432022,0.3299976995629169,0.0,0.5175983436853002,483.0,250.0,mave_independent,AlphaMissense,483
0.29000000000000004,0.34805937071705595,0.32056104744408476,0.0,0.5175983436853002,483.0,250.0,mave_independent,AlphaMissense,483
0.3,0.34250221827861577,0.310854776693286,0.0,0.5175983436853002,483.0,250.0,mave_independent,AlphaMissense,483
0.31,0.335763795121073,0.30086716476130465,0.0,0.5175983436853002,483.0,250.0,mave_independent,AlphaMissense,483
0.32,0.3291925465838509,0.2905857995372062,0.0,0.5175983436853002,483.0,250.0,mave_independent,AlphaMissense,483
0.33,0.31939680479589627,0.27999752788850774,0.0,0.5175983436853002,483.0,250.0,mave_independent,AlphaMissense,483
0.34,0.30836313445009095,0.2690883995231821,0.0,0.5175983436853002,483.0,250.0,mave_independent,AlphaMissense,483
0.35000000000000003,0.2981366459627329,0.2578436056696926,0.0,0.5175983436853002,483.0,250.0,mave_independent,AlphaMissense,483
0.36000000000000004,0.2888198757763975,0.24624741200828154,0.0,0.5175983436853002,483.0,250.0,mave_independent,AlphaMissense,483
0.37,0.2781228433402346,0.23428308521476227,0.0,0.5175983436853002,483.0,250.0,mave_independent,AlphaMissense,483
0.38,0.2676150404060642,0.2219328123956455,0.0,0.5175983436853002,483.0,250.0,mave_independent,AlphaMissense,483
0.39,0.2611750330923531,0.2091776125988528,0.0,0.5175983436853002,483.0,250.0,mave_independent,AlphaMissense,483
0.4,0.251207729468599,0.19599723947550035,0.0,0.5175983436853002,483.0,250.0,mave_independent,AlphaMissense,483
0.41000000000000003,0.24167456223462114,0.1823700740428817,0.0,0.5175983436853002,483.0,250.0,mave_independent,AlphaMissense,483
0.42000000000000004,0.22974227172128217,0.16827300635396586,0.0,0.5175983436853002,483.0,250.0,mave_independent,AlphaMissense,483
0.43,0.21746394972939598,0.15368130471105307,0.0,0.5175983436853002,483.0,250.0,mave_independent,AlphaMissense,483
0.44,0.20437740313516706,0.13856847086660756,0.0,0.5175983436853002,483.0,250.0,mave_independent,AlphaMissense,483
0.45,0.1934876717485413,0.12290607942781862,0.0,0.5175983436853002,483.0,250.0,mave_independent,AlphaMissense,483
0.46,0.1821946169772256,0.10666359941722264,0.0,0.5175983436853002,483.0,250.0,mave_independent,AlphaMissense,483
0.47000000000000003,0.17391304347826086,0.08980819563264192,0.0,0.5175983436853002,483.0,250.0,mave_independent,AlphaMissense,483
0.48000000000000004,0.167542602325211,0.07230450708711578,0.0,0.5175983436853002,483.0,250.0,mave_independent,AlphaMissense,483
0.49,0.15329030162789758,0.05411439938294166,0.0,0.5175983436853002,483.0,250.0,mave_independent,AlphaMissense,483
0.5,0.15113871635610765,0.035196687370600444,0.0,0.5175983436853002,483.0,250.0,mave_independent,AlphaMissense,483
0.51,0.13647695102885876,0.01550682384755142,0.0,0.5175983436853002,483.0,250.0,mave_independent,AlphaMissense,483
0.52,0.12577639751552788,-0.005003450655624575,0.0,0.5175983436853002,483.0,250.0,mave_independent,AlphaMissense,483
0.53,0.112550107924761,-0.026386502797233646,0.0,0.5175983436853002,483.0,250.0,mave_independent,AlphaMissense,483
0.54,0.09856872805833111,-0.048699252858042996,0.0,0.5175983436853002,483.0,250.0,mave_independent,AlphaMissense,483
0.55,0.08902691511387156,-0.07200368069933305,0.0,0.5175983436853002,483.0,250.0,mave_independent,AlphaMissense,483
0.56,0.07396950875211739,-0.09636740071522687,0.0,0.5175983436853002,483.0,250.0,mave_independent,AlphaMissense,483
0.5700000000000001,0.05888583947229026,-0.12186431701092992,0.0,0.5175983436853002,483.0,250.0,mave_independent,AlphaMissense,483
0.5800000000000001,0.04328108054816121,-0.14857537217785677,0.0,0.5175983436853002,483.0,250.0,mave_independent,AlphaMissense,483
0.59,0.024137756905519503,-0.1765894056456091,0.0,0.5175983436853002,483.0,250.0,mave_independent,AlphaMissense,483
0.6,0.005175983436853049,-0.20600414078674933,0.0,0.5175983436853002,483.0,250.0,mave_independent,AlphaMissense,483
0.61,-0.003822264691829891,-0.23692732388384563,0.0,0.5175983436853002,483.0,250.0,mave_independent,AlphaMissense,483
0.62,-0.0231012313392176,-0.2694780429334205,0.0,0.5175983436853002,483.0,250.0,mave_independent,AlphaMissense,483
0.63,-0.04549269766661068,-0.3037882603099994,0.0,0.5175983436853002,483.0,250.0,mave_independent,AlphaMissense,483
0.64,-0.06165171382562695,-0.34000460087416606,0.0,0.5175983436853002,483.0,250.0,mave_independent,AlphaMissense,483
0.65,-0.08399881691807165,-0.37829044661342803,0.0,0.5175983436853002,483.0,250.0,mave_independent,AlphaMissense,483
0.66,-0.09962245767872369,-0.4188284009255877,0.0,0.5175983436853002,483.0,250.0,mave_independent,AlphaMissense,483
0.67,-0.11594202898550743,-0.46182320095363594,0.0,0.5175983436853002,483.0,250.0,mave_independent,AlphaMissense,483
0.68,-0.14389233954451364,-0.507505175983437,0.0,0.5175983436853002,483.0,250.0,mave_independent,AlphaMissense,483
0.6900000000000001,-0.15761704401255616,-0.5561343752087093,0.0,0.5175983436853002,483.0,250.0,mave_independent,AlphaMissense,483
0.7000000000000001,-0.1766735679779159,-0.6080055210489996,0.0,0.5175983436853002,483.0,250.0,mave_independent,AlphaMissense,483
0.7100000000000001,-0.2110373384736206,-0.6634539872920688,0.0,0.5175983436853002,483.0,250.0,mave_independent,AlphaMissense,483
0.72,-0.24548950014788512,-0.7228630582667848,0.0,0.5175983436853002,483.0,250.0,mave_independent,AlphaMissense,483
0.73,-0.27467218771566587,-0.7866728011655546,0.0,0.5175983436853002,483.0,250.0,mave_independent,AlphaMissense,483
0.74,-0.31390348781653116,-0.8553909858257682,0.0,0.5175983436853002,483.0,250.0,mave_independent,AlphaMissense,483
0.75,-0.35403726708074534,-0.9296066252587991,0.0,0.5175983436853002,483.0,250.0,mave_independent,AlphaMissense,483
0.76,-0.38612836438923404,-1.0100069013112492,0.0,0.5175983436853002,483.0,250.0,mave_independent,AlphaMissense,483
0.77,-0.42046988927896306,-1.097398505716086,0.0,0.5175983436853002,483.0,250.0,mave_independent,AlphaMissense,483
0.78,-0.47619047619047633,-1.1927348014304537,0.0,0.5175983436853002,483.0,250.0,mave_independent,AlphaMissense,483
0.79,-0.5246968352558417,-1.2971507443557135,0.0,0.5175983436853002,483.0,250.0,mave_independent,AlphaMissense,483
0.8,-0.5797101449275365,-1.4120082815734993,0.0,0.5175983436853002,483.0,250.0,mave_independent,AlphaMissense,483
0.81,-0.6357197341179037,-1.5389560858668414,0.0,0.5175983436853002,483.0,250.0,mave_independent,AlphaMissense,483
0.8200000000000001,-0.6809293765815507,-1.6800092017483328,0.0,0.5175983436853002,483.0,250.0,mave_independent,AlphaMissense,483
0.8300000000000001,-0.7426622823042265,-1.837656801851176,0.0,0.5175983436853002,483.0,250.0,mave_independent,AlphaMissense,483
0.8400000000000001,-0.8198757763975163,-2.0150103519668754,0.0,0.5175983436853002,483.0,250.0,mave_independent,AlphaMissense,483
0.85,-0.9206349206349205,-2.2160110420979984,0.0,0.5175983436853002,483.0,250.0,mave_independent,AlphaMissense,483
0.86,-0.984324164448388,-2.4457261165335695,0.0,0.5175983436853002,483.0,250.0,mave_independent,AlphaMissense,483
0.87,-1.0995381430164037,-2.7107819716515364,0.0,0.5175983436853002,483.0,250.0,mave_independent,AlphaMissense,483
0.88,-1.200138026224983,-3.0200138026224983,0.0,0.5175983436853002,483.0,250.0,mave_independent,AlphaMissense,483
0.89,-1.287784679089027,-3.3854696028609075,0.0,0.5175983436853002,483.0,250.0,mave_independent,AlphaMissense,483
0.9,-1.4037267080745344,-3.8240165631469987,0.0,0.5175983436853002,483.0,250.0,mave_independent,AlphaMissense,483
0.91,-1.5279503105590069,-4.360018403496666,0.0,0.5175983436853002,483.0,250.0,mave_independent,AlphaMissense,483
0.92,-1.7536231884057982,-5.030020703933751,0.0,0.5175983436853002,483.0,250.0,mave_independent,AlphaMissense,483
0.93,-1.9580005915409662,-5.891452233067144,0.0,0.5175983436853002,483.0,250.0,mave_independent,AlphaMissense,483
0.9400000000000001,-2.2518978605935156,-7.040027605245004,0.0,0.5175983436853002,483.0,250.0,mave_independent,AlphaMissense,483
0.9500000000000001,-2.4927536231884098,-8.64803312629401,0.0,0.5175983436853002,483.0,250.0,mave_independent,AlphaMissense,483
0.9600000000000001,-3.0351966873706067,-11.060041407867518,0.0,0.5175983436853002,483.0,250.0,mave_independent,AlphaMissense,483
0.97,-3.7391304347826053,-15.08005521048998,0.0,0.5175983436853002,483.0,250.0,mave_independent,AlphaMissense,483
0.98,-4.913043478260865,-23.120082815734968,0.0,0.5175983436853002,483.0,250.0,mave_independent,AlphaMissense,483
0.99,-7.594202898550718,-47.240165631469935,0.0,0.5175983436853002,483.0,250.0,mave_independent,AlphaMissense,483
0.01,0.5118738494119095,0.5118650621042966,0.0,0.5167464114832536,2299.0,1188.0,mave_independent,REVEL,2299
0.02,0.5069639861164127,0.5068840933502587,0.0,0.5167464114832536,2299.0,1188.0,mave_independent,REVEL,2299
0.03,0.501607601691457,0.5018004242095399,0.0,0.5167464114832536,2299.0,1188.0,mave_independent,REVEL,2299
0.04,0.4953603015803973,0.49661084529505584,0.0,0.5167464114832536,2299.0,1188.0,mave_independent,REVEL,2299
0.05,0.48739726654609555,0.49131201208763536,0.0,0.5167464114832536,2299.0,1188.0,mave_independent,REVEL,2299
0.060000000000000005,0.47968126752612145,0.4859004377481421,0.0,0.5167464114832536,2299.0,1188.0,mave_independent,REVEL,2299
0.06999999999999999,0.4716496653523972,0.4803724854658641,0.0,0.5167464114832536,2299.0,1188.0,mave_independent,REVEL,2299
0.08,0.4628288291695823,0.47472436030788434,0.0,0.5167464114832536,2299.0,1188.0,mave_independent,REVEL,2299
0.09,0.45389538690974096,0.4689521005310479,0.0,0.5167464114832536,2299.0,1188.0,mave_independent,REVEL,2299
0.09999999999999999,0.44405780290947755,0.46305156831472627,0.0,0.5167464114832536,2299.0,1188.0,mave_independent,REVEL,2299
0.11,0.4362179941449873,0.4570184398688243,0.0,0.5167464114832536,2299.0,1188.0,mave_independent,REVEL,2299
0.12,0.4279726363240935,0.45084819486733363,0.0,0.5167464114832536,2299.0,1188.0,mave_independent,REVEL,2299
0.13,0.42091764035337703,0.44453610515316505,0.0,0.5167464114832536,2299.0,1188.0,mave_independent,REVEL,2299
0.14,0.41254539385172523,0.4380772226549461,0.0,0.5167464114832536,2299.0,1188.0,mave_independent,REVEL,2299
0.15000000000000002,0.4059053808561267,0.4314663664508866,0.0,0.5167464114832536,2299.0,1188.0,mave_independent,REVEL,2299
0.16,0.3981855465109053,0.42469810890863524,0.0,0.5167464114832536,2299.0,1188.0,mave_independent,REVEL,2299
0.17,0.39193572899689233,0.4177667608231971,0.0,0.5167464114832536,2299.0,1188.0,mave_independent,REVEL,2299
0.18000000000000002,0.38187334896402464,0.41066635546738245,0.0,0.5167464114832536,2299.0,1188.0,mave_independent,REVEL,2299
0.19,0.3731842615415183,0.40339063146080695,0.0,0.5167464114832536,2299.0,1188.0,mave_independent,REVEL,2299
0.2,0.3628751631143976,0.395933014354067,0.0,0.5167464114832536,2299.0,1188.0,mave_independent,REVEL,2299
0.21000000000000002,0.35687503097108814,0.38828659681424504,0.0,0.5167464114832536,2299.0,1188.0,mave_independent,REVEL,2299
0.22,0.3477097065613812,0.38044411728622257,0.0,0.5167464114832536,2299.0,1188.0,mave_independent,REVEL,2299
0.23,0.34235099393864077,0.37239793699123847,0.0,0.5167464114832536,2299.0,1188.0,mave_independent,REVEL,2299
0.24000000000000002,0.3389116549529544,0.3641400151095442,0.0,0.5167464114832536,2299.0,1188.0,mave_independent,REVEL,2299
0.25,0.3313034652747571,0.35566188197767146,0.0,0.5167464114832536,2299.0,1188.0,mave_independent,REVEL,2299
0.26,0.32641689101019244,0.34695461011250484,0.0,0.5167464114832536,2299.0,1188.0,mave_independent,REVEL,2299
0.27,0.32139643799865336,0.338008782853772,0.0,0.5167464114832536,2299.0,1188.0,mave_independent,REVEL,2299
0.28,0.3147262094630516,0.3288144603934078,0.0,0.5167464114832536,2299.0,1188.0,mave_independent,REVEL,2299
0.29000000000000004,0.3084500915891171,0.31936114293415996,0.0,0.5167464114832536,2299.0,1188.0,mave_independent,REVEL,2299
0.3,0.3003169079724104,0.30963773069036227,0.0,0.5167464114832536,2299.0,1188.0,mave_independent,REVEL,2299
0.31,0.29120411521077216,0.29963248041051244,0.0,0.5167464114832536,2299.0,1188.0,mave_independent,REVEL,2299
0.32,0.2843947496353913,0.2893329580636082,0.0,0.5167464114832536,2299.0,1188.0,mave_independent,REVEL,2299
0.33,0.2803944609272039,0.27872598728843817,0.0,0.5167464114832536,2299.0,1188.0,mave_independent,REVEL,2299
0.34,0.2748494075157841,0.2677975931564448,0.0,0.5167464114832536,2299.0,1188.0,mave_independent,REVEL,2299
0.35000000000000003,0.26827717736808643,0.25653294074346705,0.0,0.5167464114832536,2299.0,1188.0,mave_independent,REVEL,2299
0.36000000000000004,0.26215202261852977,0.2449162679425837,0.0,0.5167464114832536,2299.0,1188.0,mave_independent,REVEL,2299
0.37,0.2584698661253685,0.23293081187818032,0.0,0.5167464114832536,2299.0,1188.0,mave_independent,REVEL,2299
0.38,0.2520591000294658,0.22055872819879613,0.0,0.5167464114832536,2299.0,1188.0,mave_independent,REVEL,2299
0.39,0.2428639679404445,0.20778100243156328,0.0,0.5167464114832536,2299.0,1188.0,mave_independent,REVEL,2299
0.4,0.23488473249238798,0.1945773524720893,0.0,0.5167464114832536,2299.0,1188.0,mave_independent,REVEL,2299
0.41000000000000003,0.22980514741118097,0.18092612115805695,0.0,0.5167464114832536,2299.0,1188.0,mave_independent,REVEL,2299
0.42000000000000004,0.2211156274842135,0.16680415772974755,0.0,0.5167464114832536,2299.0,1188.0,mave_independent,REVEL,2299
0.43,0.21745533908716988,0.15218668681272568,0.0,0.5167464114832536,2299.0,1188.0,mave_independent,REVEL,2299
0.44,0.21155160628844838,0.13704716336295286,0.0,0.5167464114832536,2299.0,1188.0,mave_independent,REVEL,2299
0.45,0.2040808256554233,0.12135711178773384,0.0,0.5167464114832536,2299.0,1188.0,mave_independent,REVEL,2299
0.46,0.19507676445475486,0.10508594719121034,0.0,0.5167464114832536,2299.0,1188.0,mave_independent,REVEL,2299
0.47000000000000003,0.18559340812658498,0.08820077638349733,0.0,0.5167464114832536,2299.0,1188.0,mave_independent,REVEL,2299
0.48000000000000004,0.17833840800347978,0.07066617592933383,0.0,0.5167464114832536,2299.0,1188.0,mave_independent,REVEL,2299
0.49,0.17298228556320308,0.05244394408481101,0.0,0.5167464114832536,2299.0,1188.0,mave_independent,REVEL,2299
0.5,0.16267942583732056,0.033492822966507185,0.0,0.5167464114832536,2299.0,1188.0,mave_independent,REVEL,2299
0.51,0.15664308350569459,0.013768186700517493,0.0,0.5167464114832536,2299.0,1188.0,mave_independent,REVEL,2299
0.52,0.15111642743221687,-0.006778309409888439,0.0,0.5167464114832536,2299.0,1188.0,mave_independent,REVEL,2299
0.53,0.14332781135183656,-0.028199124503715867,0.0,0.5167464114832536,2299.0,1188.0,mave_independent,REVEL,2299
0.54,0.1347844998770732,-0.05055127938423143,0.0,0.5167464114832536,2299.0,1188.0,mave_independent,REVEL,2299
0.55,0.12952491421390938,-0.07389686337054768,0.0,0.5167464114832536,2299.0,1188.0,mave_independent,REVEL,2299
0.56,0.12048716833405826,-0.09830361026533285,0.0,0.5167464114832536,2299.0,1188.0,mave_independent,REVEL,2299
0.5700000000000001,0.11666346338650774,-0.12384555469010805,0.0,0.5167464114832536,2299.0,1188.0,mave_independent,REVEL,2299
0.5800000000000001,0.11162203028231729,-0.15060378218272974,0.0,0.5167464114832536,2299.0,1188.0,mave_independent,REVEL,2299
0.59,0.10598457441729708,-0.178667289065235,0.0,0.5167464114832536,2299.0,1188.0,mave_independent,REVEL,2299
0.6,0.10265332753371034,-0.20813397129186595,0.0,0.5167464114832536,2299.0,1188.0,mave_independent,REVEL,2299
0.61,0.09108754084830642,-0.23911176542755486,0.0,0.5167464114832536,2299.0,1188.0,mave_independent,REVEL,2299
0.62,0.08630754790412307,-0.2717199697809116,0.0,0.5167464114832536,2299.0,1188.0,mave_independent,REVEL,2299
0.63,0.08293852791460449,-0.30609077977499033,0.0,0.5167464114832536,2299.0,1188.0,mave_independent,REVEL,2299
0.64,0.07776327872021652,-0.34237107921318455,0.0,0.5167464114832536,2299.0,1188.0,mave_independent,REVEL,2299
0.65,0.07332380538122163,-0.3807245386192756,0.0,0.5167464114832536,2299.0,1188.0,mave_independent,REVEL,2299
0.66,0.06404319013381776,-0.4213340838727837,0.0,0.5167464114832536,2299.0,1188.0,mave_independent,REVEL,2299
0.67,0.058259849473420555,-0.4644048136871105,0.0,0.5167464114832536,2299.0,1188.0,mave_independent,REVEL,2299
0.68,0.05442583732057413,-0.5101674641148328,0.0,0.5167464114832536,2299.0,1188.0,mave_independent,REVEL,2299
0.6900000000000001,0.05017609339263909,-0.5588825436024081,0.0,0.5167464114832536,2299.0,1188.0,mave_independent,REVEL,2299
0.7000000000000001,0.04697694649847753,-0.6108452950558216,0.0,0.5167464114832536,2299.0,1188.0,mave_independent,REVEL,2299
0.7100000000000001,0.04177228480148781,-0.6663916845405053,0.0,0.5167464114832536,2299.0,1188.0,mave_independent,REVEL,2299
0.72,0.03423848878394334,-0.7259056732740943,0.0,0.5167464114832536,2299.0,1188.0,mave_independent,REVEL,2299
0.73,0.025196140028675956,-0.7898281056175791,0.0,0.5167464114832536,2299.0,1188.0,mave_independent,REVEL,2299
0.74,0.021079399069829724,-0.8586676481413322,0.0,0.5167464114832536,2299.0,1188.0,mave_independent,REVEL,2299
0.75,0.01000434971726838,-0.9330143540669857,0.0,0.5167464114832536,2299.0,1188.0,mave_independent,REVEL,2299
0.76,0.005872118312309688,-1.0135566188197769,0.0,0.5167464114832536,2299.0,1188.0,mave_independent,REVEL,2299
0.77,-0.002118123191557797,-1.1011025587684629,0.0,0.5167464114832536,2299.0,1188.0,mave_independent,REVEL,2299
0.78,-0.007869033967337596,-1.1966072205306657,0.0,0.5167464114832536,2299.0,1188.0,mave_independent,REVEL,2299
0.79,-0.014747612833737295,-1.3012075643654595,0.0,0.5167464114832536,2299.0,1188.0,mave_independent,REVEL,2299
0.8,-0.021313614615050075,-1.4162679425837326,0.0,0.5167464114832536,2299.0,1188.0,mave_independent,REVEL,2299
0.81,-0.02657906183466502,-1.5434399395618237,0.0,0.5167464114832536,2299.0,1188.0,mave_independent,REVEL,2299
0.8200000000000001,-0.026194963994007114,-1.6847421584263698,0.0,0.5167464114832536,2299.0,1188.0,mave_independent,REVEL,2299
0.8300000000000001,-0.032085561497326304,-1.8426681677455683,0.0,0.5167464114832536,2299.0,1188.0,mave_independent,REVEL,2299
0.8400000000000001,-0.03468899521531113,-2.020334928229667,0.0,0.5167464114832536,2299.0,1188.0,mave_independent,REVEL,2299
0.85,-0.03755255908365954,-2.2216905901116424,0.0,0.5167464114832536,2299.0,1188.0,mave_independent,REVEL,2299
0.86,-0.056981296215745963,-2.4518113465481886,0.0,0.5167464114832536,2299.0,1188.0,mave_independent,REVEL,2299
0.87,-0.0690266671127915,-2.7173352962826645,0.0,0.5167464114832536,2299.0,1188.0,mave_independent,REVEL,2299
0.88,-0.08481948673336236,-3.0271132376395538,0.0,0.5167464114832536,2299.0,1188.0,mave_independent,REVEL,2299
0.89,-0.09138360552018665,-3.3932144410613314,0.0,0.5167464114832536,2299.0,1188.0,mave_independent,REVEL,2299
0.9,-0.10613310134841239,-3.832535885167465,0.0,0.5167464114832536,2299.0,1188.0,mave_independent,REVEL,2299
0.91,-0.12498187617804848,-4.3694843168527395,0.0,0.5167464114832536,2299.0,1188.0,mave_independent,REVEL,2299
0.92,-0.1398434101783385,-5.040669856459333,0.0,0.5167464114832536,2299.0,1188.0,mave_independent,REVEL,2299
0.93,-0.15074877275834228,-5.903622693096382,0.0,0.5167464114832536,2299.0,1188.0,mave_independent,REVEL,2299
0.9400000000000001,-0.15137016093953912,-7.0542264752791155,0.0,0.5167464114832536,2299.0,1188.0,mave_independent,REVEL,2299
0.9500000000000001,-0.14310569812962182,-8.665071770334942,0.0,0.5167464114832536,2299.0,1188.0,mave_independent,REVEL,2299
0.9600000000000001,-0.1130926489778167,-11.081339712918682,0.0,0.5167464114832536,2299.0,1188.0,mave_independent,REVEL,2299
0.97,-0.1293315934464259,-15.1084529505582,0.0,0.5167464114832536,2299.0,1188.0,mave_independent,REVEL,2299
0.98,-0.12266202696824696,-23.1626794258373,0.0,0.5167464114832536,2299.0,1188.0,mave_independent,REVEL,2299
0.99,-0.042627229230100004,-47.3253588516746,0.0,0.5167464114832536,2299.0,1188.0,mave_independent,REVEL,2299
0.01,-0.00019234234507836434,-0.010101010101010102,0.0,0.0,4989.0,0.0,gnomad_benign,AGVarPred,4989
0.02,-0.0003477037237023493,-0.020408163265306124,0.0,0.0,4989.0,0.0,gnomad_benign,AGVarPred,4989
0.03,-0.0005269324472602613,-0.030927835051546393,0.0,0.0,4989.0,0.0,gnomad_benign,AGVarPred,4989
0.04,-0.0005261575466025257,-0.04166666666666667,0.0,0.0,4989.0,0.0,gnomad_benign,AGVarPred,4989
0.05,-0.0003586838412929498,-0.052631578947368425,0.0,0.0,4989.0,0.0,gnomad_benign,AGVarPred,4989
0.060000000000000005,-0.0003838231342997148,-0.06382978723404256,0.0,0.0,4989.0,0.0,gnomad_benign,AGVarPred,4989
0.06999999999999999,-0.0004526086422387316,-0.07526881720430106,0.0,0.0,4989.0,0.0,gnomad_benign,AGVarPred,4989
0.08,-0.0005228894873068577,-0.08695652173913043,0.0,0.0,4989.0,0.0,gnomad_benign,AGVarPred,4989
0.09,-0.00047577197306601995,-0.0989010989010989,0.0,0.0,4989.0,0.0,gnomad_benign,AGVarPred,4989
0.09999999999999999,-0.0005345092536914545,-0.1111111111111111,0.0,0.0,4989.0,0.0,gnomad_benign,AGVarPred,4989
0.11,-0.0005945664732073483,-0.12359550561797752,0.0,0.0,4989.0,0.0,gnomad_benign,AGVarPred,4989
0.12,-0.0006559886295304214,-0.13636363636363635,0.0,0.0,4989.0,0.0,gnomad_benign,AGVarPred,4989
0.13,-0.0006289699407662375,-0.14942528735632185,0.0,0.0,4989.0,0.0,gnomad_benign,AGVarPred,4989
0.14,-0.0006852284327846846,-0.16279069767441862,0.0,0.0,4989.0,0.0,gnomad_benign,AGVarPred,4989
0.15000000000000002,-0.0007428106540270951,-0.17647058823529416,0.0,0.0,4989.0,0.0,gnomad_benign,AGVarPred,4989
0.16,-0.000801763880537182,-0.1904761904761905,0.0,0.0,4989.0,0.0,gnomad_benign,AGVarPred,4989
0.17,-0.0008210834921163912,-0.20481927710843376,0.0,0.0,4989.0,0.0,gnomad_benign,AGVarPred,4989
0.18000000000000002,-0.0008799847469310534,-0.21951219512195125,0.0,0.0,4989.0,0.0,gnomad_benign,AGVarPred,4989
0.19,-0.0009403403537164477,-0.2345679012345679,0.0,0.0,4989.0,0.0,gnomad_benign,AGVarPred,4989
0.2,-0.0010022048506714773,-0.25,0.0,0.0,4989.0,0.0,gnomad_benign,AGVarPred,4989
0.21000000000000002,-0.0010656355374228368,-0.2658227848101266,0.0,0.0,4989.0,0.0,gnomad_benign,AGVarPred,4989
0.22,-0.0011306926520396154,-0.28205128205128205,0.0,0.0,4989.0,0.0,gnomad_benign,AGVarPred,4989
0.23,-0.0011974395618412456,-0.2987012987012987,0.0,0.0,4989.0,0.0,gnomad_benign,AGVarPred,4989
0.24000000000000002,-0.0012659429692692347,-0.31578947368421056,0.0,0.0,4989.0,0.0,gnomad_benign,AGVarPred,4989
0.25,-0.0013362731342286363,-0.3333333333333333,0.0,0.0,4989.0,0.0,gnomad_benign,AGVarPred,4989
0.26,-0.0014085041144572114,-0.35135135135135137,0.0,0.0,4989.0,0.0,gnomad_benign,AGVarPred,4989
0.27,-0.001482714025650953,-0.36986301369863017,0.0,0.0,4989.0,0.0,gnomad_benign,AGVarPred,4989
0.28,-0.0014810360571034056,-0.38888888888888895,0.0,0.0,4989.0,0.0,gnomad_benign,AGVarPred,4989
0.29000000000000004,-0.0015555348527323495,-0.4084507042253522,0.0,0.0,4989.0,0.0,gnomad_benign,AGVarPred,4989
0.3,-0.001632162185379263,-0.4285714285714286,0.0,0.0,4989.0,0.0,gnomad_benign,AGVarPred,4989
0.31,-0.0012607446527287572,-0.44927536231884063,0.0,0.0,4989.0,0.0,gnomad_benign,AGVarPred,4989
0.32,-0.0013205522738259467,-0.4705882352941177,0.0,0.0,4989.0,0.0,gnomad_benign,AGVarPred,4989
0.33,-0.0013821451970454405,-0.4925373134328359,0.0,0.0,4989.0,0.0,gnomad_benign,AGVarPred,4989
0.34,-0.001445604572483707,-0.5151515151515152,0.0,0.0,4989.0,0.0,gnomad_benign,AGVarPred,4989
0.35000000000000003,-0.0015110165440893044,-0.5384615384615385,0.0,0.0,4989.0,0.0,gnomad_benign,AGVarPred,4989
0.36000000000000004,-0.001578472639807577,-0.5625000000000001,0.0,0.0,4989.0,0.0,gnomad_benign,AGVarPred,4989
0.37,-0.001648070198881985,-0.5873015873015873,0.0,0.0,4989.0,0.0,gnomad_benign,AGVarPred,4989
0.38,-0.0014742110061490119,-0.6129032258064516,0.0,0.0,4989.0,0.0,gnomad_benign,AGVarPred,4989
0.39,-0.0015378094102106604,-0.639344262295082,0.0,0.0,4989.0,0.0,gnomad_benign,AGVarPred,4989
0.4,-0.001603527761074364,-0.6666666666666667,0.0,0.0,4989.0,0.0,gnomad_benign,AGVarPred,4989
0.41000000000000003,-0.0016714738526453113,-0.6949152542372882,0.0,0.0,4989.0,0.0,gnomad_benign,AGVarPred,4989
0.42000000000000004,-0.0017417629128911195,-0.7241379310344829,0.0,0.0,4989.0,0.0,gnomad_benign,AGVarPred,4989
0.43,-0.0018145182559525692,-0.7543859649122806,0.0,0.0,4989.0,0.0,gnomad_benign,AGVarPred,4989
0.44,-0.0018898720041233572,-0.7857142857142857,0.0,0.0,4989.0,0.0,gnomad_benign,AGVarPred,4989
0.45,-0.0019679658885912643,-0.8181818181818181,0.0,0.0,4989.0,0.0,gnomad_benign,AGVarPred,4989
0.46,-0.0020489521391505758,-0.8518518518518519,0.0,0.0,4989.0,0.0,gnomad_benign,AGVarPred,4989
0.47000000000000003,-0.002132994474636654,-0.8867924528301887,0.0,0.0,4989.0,0.0,gnomad_benign,AGVarPred,4989
0.48000000000000004,-0.0022202692076414266,-0.9230769230769231,0.0,0.0,4989.0,0.0,gnomad_benign,AGVarPred,4989
0.49,-0.0023109664791954062,-0.9607843137254901,0.0,0.0,4989.0,0.0,gnomad_benign,AGVarPred,4989
0.5,-0.0024052916416115455,-1.0,0.0,0.0,4989.0,0.0,gnomad_benign,AGVarPred,4989
0.51,-0.0016689778737712766,-1.0408163265306123,0.0,0.0,4989.0,0.0,gnomad_benign,AGVarPred,4989
0.52,-0.0017371550744972276,-1.0833333333333335,0.0,0.0,4989.0,0.0,gnomad_benign,AGVarPred,4989
0.53,-0.0018082334327008784,-1.1276595744680853,0.0,0.0,4989.0,0.0,gnomad_benign,AGVarPred,4989
0.54,-0.001882402154304688,-1.173913043478261,0.0,0.0,4989.0,0.0,gnomad_benign,AGVarPred,4989
0.55,-0.001959867263535334,-1.2222222222222225,0.0,0.0,4989.0,0.0,gnomad_benign,AGVarPred,4989
0.56,-0.002040853514094645,-1.272727272727273,0.0,0.0,4989.0,0.0,gnomad_benign,AGVarPred,4989
0.5700000000000001,-0.0018599057461298584,-1.3255813953488376,0.0,0.0,4989.0,0.0,gnomad_benign,AGVarPred,4989
0.5800000000000001,-0.0019375960446315233,-1.3809523809523814,0.0,0.0,4989.0,0.0,gnomad_benign,AGVarPred,4989
0.59,-0.0020190761137918053,-1.4390243902439022,0.0,0.0,4989.0,0.0,gnomad_benign,AGVarPred,4989
0.6,-0.002104630186410102,-1.4999999999999998,0.0,0.0,4989.0,0.0,gnomad_benign,AGVarPred,4989
0.61,-0.002194571647367799,-1.564102564102564,0.0,0.0,4989.0,0.0,gnomad_benign,AGVarPred,4989
0.62,-0.002289246869428532,-1.631578947368421,0.0,0.0,4989.0,0.0,gnomad_benign,AGVarPred,4989
0.63,-0.0023890396710601162,-1.7027027027027026,0.0,0.0,4989.0,0.0,gnomad_benign,AGVarPred,4989
0.64,-0.0021380370147658185,-1.777777777777778,0.0,0.0,4989.0,0.0,gnomad_benign,AGVarPred,4989
0.65,-0.00223348509578215,-1.8571428571428574,0.0,0.0,4989.0,0.0,gnomad_benign,AGVarPred,4989
0.66,-0.0023345477697994414,-1.9411764705882355,0.0,0.0,4989.0,0.0,gnomad_benign,AGVarPred,4989
0.67,-0.0024417354543632363,-2.0303030303030307,0.0,0.0,4989.0,0.0,gnomad_benign,AGVarPred,4989
0.68,-0.0025556223692122675,-2.1250000000000004,0.0,0.0,4989.0,0.0,gnomad_benign,AGVarPred,4989
0.6900000000000001,-0.001784571217969857,-2.225806451612904,0.0,0.0,4989.0,0.0,gnomad_benign,AGVarPred,4989
0.7000000000000001,-0.0018707823879200915,-2.333333333333334,0.0,0.0,4989.0,0.0,gnomad_benign,AGVarPred,4989
0.7100000000000001,-0.0019629391557979287,-2.4482758620689666,0.0,0.0,4989.0,0.0,gnomad_benign,AGVarPred,4989
0.72,-0.002061678549952753,-2.571428571428571,0.0,0.0,4989.0,0.0,gnomad_benign,AGVarPred,4989
0.73,-0.002167731973304232,-2.7037037037037033,0.0,0.0,4989.0,0.0,gnomad_benign,AGVarPred,4989
0.74,-0.0022819433522981328,-2.846153846153846,0.0,0.0,4989.0,0.0,gnomad_benign,AGVarPred,4989
0.75,-0.0018039687312086591,-3.0,0.0,0.0,4989.0,0.0,gnomad_benign,AGVarPred,4989
0.76,-0.001904189216275807,-3.166666666666667,0.0,0.0,4989.0,0.0,gnomad_benign,AGVarPred,4989
0.77,-0.002013124526131402,-3.347826086956522,0.0,0.0,4989.0,0.0,gnomad_benign,AGVarPred,4989
0.78,-0.0021319630459738703,-3.545454545454546,0.0,0.0,4989.0,0.0,gnomad_benign,AGVarPred,4989
0.79,-0.0022621195200870493,-3.7619047619047628,0.0,0.0,4989.0,0.0,gnomad_benign,AGVarPred,4989
0.8,-0.002405291641611546,-4.000000000000001,0.0,0.0,4989.0,0.0,gnomad_benign,AGVarPred,4989
0.81,-0.0025635345127702006,-4.263157894736843,0.0,0.0,4989.0,0.0,gnomad_benign,AGVarPred,4989
0.8200000000000001,-0.0027393599251687058,-4.555555555555557,0.0,0.0,4989.0,0.0,gnomad_benign,AGVarPred,4989
0.8300000000000001,0.0,-4.882352941176473,0.0,0.0,4989.0,0.0,gnomad_benign,AGVarPred,4989
0.8400000000000001,0.0,-5.2500000000000036,0.0,0.0,4989.0,0.0,gnomad_benign,AGVarPred,4989
0.85,0.0,-5.666666666666666,0.0,0.0,4989.0,0.0,gnomad_benign,AGVarPred,4989
0.86,0.0,-6.142857142857142,0.0,0.0,4989.0,0.0,gnomad_benign,AGVarPred,4989
0.87,0.0,-6.692307692307692,0.0,0.0,4989.0,0.0,gnomad_benign,AGVarPred,4989
0.88,0.0,-7.333333333333334,0.0,0.0,4989.0,0.0,gnomad_benign,AGVarPred,4989
0.89,0.0,-8.090909090909092,0.0,0.0,4989.0,0.0,gnomad_benign,AGVarPred,4989
0.9,0.0,-9.000000000000002,0.0,0.0,4989.0,0.0,gnomad_benign,AGVarPred,4989
0.91,0.0,-10.111111111111114,0.0,0.0,4989.0,0.0,gnomad_benign,AGVarPred,4989
0.92,0.0,-11.500000000000007,0.0,0.0,4989.0,0.0,gnomad_benign,AGVarPred,4989
0.93,0.0,-13.285714285714295,0.0,0.0,4989.0,0.0,gnomad_benign,AGVarPred,4989
0.9400000000000001,0.0,-15.666666666666682,0.0,0.0,4989.0,0.0,gnomad_benign,AGVarPred,4989
0.9500000000000001,0.0,-19.00000000000003,0.0,0.0,4989.0,0.0,gnomad_benign,AGVarPred,4989
0.9600000000000001,0.0,-24.000000000000046,0.0,0.0,4989.0,0.0,gnomad_benign,AGVarPred,4989
0.97,0.0,-32.33333333333331,0.0,0.0,4989.0,0.0,gnomad_benign,AGVarPred,4989
0.98,0.0,-48.99999999999996,0.0,0.0,4989.0,0.0,gnomad_benign,AGVarPred,4989
0.99,0.0,-98.99999999999991,0.0,0.0,4989.0,0.0,gnomad_benign,AGVarPred,4989
0.01,-0.010081434500039153,-0.010101010101010102,0.0,0.0,516.0,0.0,gnomad_benign,AlphaMissense,516
0.02,-0.02036861256130359,-0.020408163265306124,0.0,0.0,516.0,0.0,gnomad_benign,AlphaMissense,516
0.03,-0.030867897386717816,-0.030927835051546393,0.0,0.0,516.0,0.0,gnomad_benign,AlphaMissense,516
0.04,-0.041343669250646,-0.04166666666666667,0.0,0.0,516.0,0.0,gnomad_benign,AlphaMissense,516
0.05,-0.05089759281925745,-0.052631578947368425,0.0,0.0,516.0,0.0,gnomad_benign,AlphaMissense,516
0.060000000000000005,-0.059129143988124695,-0.06382978723404256,0.0,0.0,516.0,0.0,gnomad_benign,AlphaMissense,516
0.06999999999999999,-0.06272401433691756,-0.07526881720430106,0.0,0.0,516.0,0.0,gnomad_benign,AlphaMissense,516
0.08,-0.06252106504887091,-0.08695652173913043,0.0,0.0,516.0,0.0,gnomad_benign,AlphaMissense,516
0.09,-0.061334014822386915,-0.0989010989010989,0.0,0.0,516.0,0.0,gnomad_benign,AlphaMissense,516
0.09999999999999999,-0.062230835486649434,-0.1111111111111111,0.0,0.0,516.0,0.0,gnomad_benign,AlphaMissense,516
0.11,-0.06107917428795401,-0.12359550561797752,0.0,0.0,516.0,0.0,gnomad_benign,AlphaMissense,516
0.12,-0.06051797040169133,-0.13636363636363635,0.0,0.0,516.0,0.0,gnomad_benign,AlphaMissense,516
0.13,-0.05878552971576227,-0.14942528735632185,0.0,0.0,516.0,0.0,gnomad_benign,AlphaMissense,516
0.14,-0.05836488191815396,-0.16279069767441862,0.0,0.0,516.0,0.0,gnomad_benign,AlphaMissense,516
0.15000000000000002,-0.054719562243502065,-0.17647058823529416,0.0,0.0,516.0,0.0,gnomad_benign,AlphaMissense,516
0.16,-0.054263565891472874,-0.1904761904761905,0.0,0.0,516.0,0.0,gnomad_benign,AlphaMissense,516
0.17,-0.0535864387783693,-0.20481927710843376,0.0,0.0,516.0,0.0,gnomad_benign,AlphaMissense,516
0.18000000000000002,-0.05445263754963132,-0.21951219512195125,0.0,0.0,516.0,0.0,gnomad_benign,AlphaMissense,516
0.19,-0.05545985261747535,-0.2345679012345679,0.0,0.0,516.0,0.0,gnomad_benign,AlphaMissense,516
0.2,-0.056686046511627904,-0.25,0.0,0.0,516.0,0.0,gnomad_benign,AlphaMissense,516
0.21000000000000002,-0.056667647924639394,-0.2658227848101266,0.0,0.0,516.0,0.0,gnomad_benign,AlphaMissense,516
0.22,-0.056847545219638244,-0.28205128205128205,0.0,0.0,516.0,0.0,gnomad_benign,AlphaMissense,516
0.23,-0.057308970099667775,-0.2987012987012987,0.0,0.0,516.0,0.0,gnomad_benign,AlphaMissense,516
0.24000000000000002,-0.056915544675642596,-0.31578947368421056,0.0,0.0,516.0,0.0,gnomad_benign,AlphaMissense,516
0.25,-0.05684754521963824,-0.3333333333333333,0.0,0.0,516.0,0.0,gnomad_benign,AlphaMissense,516
0.26,-0.05787764508694741,-0.35135135135135137,0.0,0.0,516.0,0.0,gnomad_benign,AlphaMissense,516
0.27,-0.05877668047148774,-0.36986301369863017,0.0,0.0,516.0,0.0,gnomad_benign,AlphaMissense,516
0.28,-0.05727820844099915,-0.38888888888888895,0.0,0.0,516.0,0.0,gnomad_benign,AlphaMissense,516
0.29000000000000004,-0.05620155038759691,-0.4084507042253522,0.0,0.0,516.0,0.0,gnomad_benign,AlphaMissense,516
0.3,-0.05813953488372093,-0.4285714285714286,0.0,0.0,516.0,0.0,gnomad_benign,AlphaMissense,516
0.31,-0.057465453319851714,-0.44927536231884063,0.0,0.0,516.0,0.0,gnomad_benign,AlphaMissense,516
0.32,-0.05654354765161879,-0.4705882352941177,0.0,0.0,516.0,0.0,gnomad_benign,AlphaMissense,516
0.33,-0.05536272127733427,-0.4925373134328359,0.0,0.0,516.0,0.0,gnomad_benign,AlphaMissense,516
0.34,-0.053911205073995785,-0.5151515151515152,0.0,0.0,516.0,0.0,gnomad_benign,AlphaMissense,516
0.35000000000000003,-0.054263565891472874,-0.5384615384615385,0.0,0.0,516.0,0.0,gnomad_benign,AlphaMissense,516
0.36000000000000004,-0.05559593023255815,-0.5625000000000001,0.0,0.0,516.0,0.0,gnomad_benign,AlphaMissense,516
0.37,-0.05690906853697552,-0.5873015873015873,0.0,0.0,516.0,0.0,gnomad_benign,AlphaMissense,516
0.38,-0.05938984746186547,-0.6129032258064516,0.0,0.0,516.0,0.0,gnomad_benign,AlphaMissense,516
0.39,-0.05823484559664507,-0.639344262295082,0.0,0.0,516.0,0.0,gnomad_benign,AlphaMissense,516
0.4,-0.058139534883720936,-0.6666666666666667,0.0,0.0,516.0,0.0,gnomad_benign,AlphaMissense,516
0.41000000000000003,-0.060603074497437924,-0.6949152542372882,0.0,0.0,516.0,0.0,gnomad_benign,AlphaMissense,516
0.42000000000000004,-0.060344827586206906,-0.7241379310344829,0.0,0.0,516.0,0.0,gnomad_benign,AlphaMissense,516
0.43,-0.06140350877192982,-0.7543859649122806,0.0,0.0,516.0,0.0,gnomad_benign,AlphaMissense,516
0.44,-0.06090808416389812,-0.7857142857142857,0.0,0.0,516.0,0.0,gnomad_benign,AlphaMissense,516
0.45,-0.061839323467230436,-0.8181818181818181,0.0,0.0,516.0,0.0,gnomad_benign,AlphaMissense,516
0.46,-0.06273327591157049,-0.8518518518518519,0.0,0.0,516.0,0.0,gnomad_benign,AlphaMissense,516
0.47000000000000003,-0.06530642094485886,-0.8867924528301887,0.0,0.0,516.0,0.0,gnomad_benign,AlphaMissense,516
0.48000000000000004,-0.06797853309481218,-0.9230769230769231,0.0,0.0,516.0,0.0,gnomad_benign,AlphaMissense,516
0.49,-0.06703146374829001,-0.9607843137254901,0.0,0.0,516.0,0.0,gnomad_benign,AlphaMissense,516
0.5,-0.06976744186046512,-1.0,0.0,0.0,516.0,0.0,gnomad_benign,AlphaMissense,516
0.51,-0.06656383483626009,-1.0408163265306123,0.0,0.0,516.0,0.0,gnomad_benign,AlphaMissense,516
0.52,-0.06298449612403101,-1.0833333333333335,0.0,0.0,516.0,0.0,gnomad_benign,AlphaMissense,516
0.53,-0.06337621639452418,-1.1276595744680853,0.0,0.0,516.0,0.0,gnomad_benign,AlphaMissense,516
0.54,-0.06597573306370072,-1.173913043478261,0.0,0.0,516.0,0.0,gnomad_benign,AlphaMissense,516
0.55,-0.06158484065460811,-1.2222222222222225,0.0,0.0,516.0,0.0,gnomad_benign,AlphaMissense,516
0.56,-0.06166314305849191,-1.272727272727273,0.0,0.0,516.0,0.0,gnomad_benign,AlphaMissense,516
0.5700000000000001,-0.06422390481341268,-1.3255813953488376,0.0,0.0,516.0,0.0,gnomad_benign,AlphaMissense,516
0.5800000000000001,-0.06690660760428205,-1.3809523809523814,0.0,0.0,516.0,0.0,gnomad_benign,AlphaMissense,516
0.59,-0.06693136698808848,-1.4390243902439022,0.0,0.0,516.0,0.0,gnomad_benign,AlphaMissense,516
0.6,-0.06686046511627906,-1.4999999999999998,0.0,0.0,516.0,0.0,gnomad_benign,AlphaMissense,516
0.61,-0.06971774995030809,-1.564102564102564,0.0,0.0,516.0,0.0,gnomad_benign,AlphaMissense,516
0.62,-0.06323949408404733,-1.631578947368421,0.0,0.0,516.0,0.0,gnomad_benign,AlphaMissense,516
0.63,-0.0560967944688875,-1.7027027027027026,0.0,0.0,516.0,0.0,gnomad_benign,AlphaMissense,516
0.64,-0.05512489233419466,-1.777777777777778,0.0,0.0,516.0,0.0,gnomad_benign,AlphaMissense,516
0.65,-0.0575858250276855,-1.8571428571428574,0.0,0.0,516.0,0.0,gnomad_benign,AlphaMissense,516
0.66,-0.056429548563611494,-1.9411764705882355,0.0,0.0,516.0,0.0,gnomad_benign,AlphaMissense,516
0.67,-0.05508574113225277,-2.0303030303030307,0.0,0.0,516.0,0.0,gnomad_benign,AlphaMissense,516
0.68,-0.057655038759689935,-2.1250000000000004,0.0,0.0,516.0,0.0,gnomad_benign,AlphaMissense,516
0.6900000000000001,-0.05607651912978246,-2.225806451612904,0.0,0.0,516.0,0.0,gnomad_benign,AlphaMissense,516
0.7000000000000001,-0.05426356589147288,-2.333333333333334,0.0,0.0,516.0,0.0,gnomad_benign,AlphaMissense,516
0.7100000000000001,-0.05693664795509225,-2.4482758620689666,0.0,0.0,516.0,0.0,gnomad_benign,AlphaMissense,516
0.72,-0.0548172757475083,-2.571428571428571,0.0,0.0,516.0,0.0,gnomad_benign,AlphaMissense,516
0.73,-0.05763709445879987,-2.7037037037037033,0.0,0.0,516.0,0.0,gnomad_benign,AlphaMissense,516
0.74,-0.055158020274299335,-2.846153846153846,0.0,0.0,516.0,0.0,gnomad_benign,AlphaMissense,516
0.75,-0.05232558139534883,-3.0,0.0,0.0,516.0,0.0,gnomad_benign,AlphaMissense,516
0.76,-0.055232558139534885,-3.166666666666667,0.0,0.0,516.0,0.0,gnomad_benign,AlphaMissense,516
0.77,-0.058392315470171895,-3.347826086956522,0.0,0.0,516.0,0.0,gnomad_benign,AlphaMissense,516
0.78,-0.054968287526427066,-3.545454545454546,0.0,0.0,516.0,0.0,gnomad_benign,AlphaMissense,516
0.79,-0.05103359173126616,-3.7619047619047628,0.0,0.0,516.0,0.0,gnomad_benign,AlphaMissense,516
0.8,-0.05426356589147288,-4.000000000000001,0.0,0.0,516.0,0.0,gnomad_benign,AlphaMissense,516
0.81,-0.057833537331701365,-4.263157894736843,0.0,0.0,516.0,0.0,gnomad_benign,AlphaMissense,516
0.8200000000000001,-0.052971576227390196,-4.555555555555557,0.0,0.0,516.0,0.0,gnomad_benign,AlphaMissense,516
0.8300000000000001,-0.056771545827633406,-4.882352941176473,0.0,0.0,516.0,0.0,gnomad_benign,AlphaMissense,516
0.8400000000000001,-0.05087209302325585,-5.2500000000000036,0.0,0.0,516.0,0.0,gnomad_benign,AlphaMissense,516
0.85,-0.0549095607235142,-5.666666666666666,0.0,0.0,516.0,0.0,gnomad_benign,AlphaMissense,516
0.86,-0.05952380952380952,-6.142857142857142,0.0,0.0,516.0,0.0,gnomad_benign,AlphaMissense,516
0.87,-0.0648479427549195,-6.692307692307692,0.0,0.0,516.0,0.0,gnomad_benign,AlphaMissense,516
0.88,-0.07105943152454781,-7.333333333333334,0.0,0.0,516.0,0.0,gnomad_benign,AlphaMissense,516
0.89,-0.07840028188865399,-8.090909090909092,0.0,0.0,516.0,0.0,gnomad_benign,AlphaMissense,516
0.9,-0.08720930232558141,-9.000000000000002,0.0,0.0,516.0,0.0,gnomad_benign,AlphaMissense,516
0.91,-0.09797588285960382,-10.111111111111114,0.0,0.0,516.0,0.0,gnomad_benign,AlphaMissense,516
0.92,-0.08914728682170547,-11.500000000000007,0.0,0.0,516.0,0.0,gnomad_benign,AlphaMissense,516
0.93,-0.10299003322259144,-13.285714285714295,0.0,0.0,516.0,0.0,gnomad_benign,AlphaMissense,516
0.9400000000000001,-0.12144702842377272,-15.666666666666682,0.0,0.0,516.0,0.0,gnomad_benign,AlphaMissense,516
0.9500000000000001,-0.11046511627906994,-19.00000000000003,0.0,0.0,516.0,0.0,gnomad_benign,AlphaMissense,516
0.9600000000000001,-0.1395348837209305,-24.000000000000046,0.0,0.0,516.0,0.0,gnomad_benign,AlphaMissense,516
0.97,-0.18798449612403084,-32.33333333333331,0.0,0.0,516.0,0.0,gnomad_benign,AlphaMissense,516
0.98,-0.18992248062015488,-48.99999999999996,0.0,0.0,516.0,0.0,gnomad_benign,AlphaMissense,516
0.99,-0.1918604651162789,-98.99999999999991,0.0,0.0,516.0,0.0,gnomad_benign,AlphaMissense,516
0.01,-0.009683883368093895,-0.010101010101010102,0.0,0.0,1235.0,0.0,gnomad_benign,REVEL,1235
0.02,-0.017979013467735276,-0.020408163265306124,0.0,0.0,1235.0,0.0,gnomad_benign,REVEL,1235
0.03,-0.024592011352727577,-0.030927835051546393,0.0,0.0,1235.0,0.0,gnomad_benign,REVEL,1235
0.04,-0.029925775978407558,-0.04166666666666667,0.0,0.0,1235.0,0.0,gnomad_benign,REVEL,1235
0.05,-0.03332623055614746,-0.052631578947368425,0.0,0.0,1235.0,0.0,gnomad_benign,REVEL,1235
0.060000000000000005,-0.03638556292531657,-0.06382978723404256,0.0,0.0,1235.0,0.0,gnomad_benign,REVEL,1235
0.06999999999999999,-0.03949327412824866,-0.07526881720430106,0.0,0.0,1235.0,0.0,gnomad_benign,REVEL,1235
0.08,-0.04097870093293434,-0.08695652173913043,0.0,0.0,1235.0,0.0,gnomad_benign,REVEL,1235
0.09,-0.04236330471148285,-0.0989010989010989,0.0,0.0,1235.0,0.0,gnomad_benign,REVEL,1235
0.09999999999999999,-0.043904633378317584,-0.1111111111111111,0.0,0.0,1235.0,0.0,gnomad_benign,REVEL,1235
0.11,-0.04503479961788655,-0.12359550561797752,0.0,0.0,1235.0,0.0,gnomad_benign,REVEL,1235
0.12,-0.046816341553183656,-0.13636363636363635,0.0,0.0,1235.0,0.0,gnomad_benign,REVEL,1235
0.13,-0.04742891712038718,-0.14942528735632185,0.0,0.0,1235.0,0.0,gnomad_benign,REVEL,1235
0.14,-0.04903493079747671,-0.16279069767441862,0.0,0.0,1235.0,0.0,gnomad_benign,REVEL,1235
0.15000000000000002,-0.05029768992617291,-0.17647058823529416,0.0,0.0,1235.0,0.0,gnomad_benign,REVEL,1235
0.16,-0.05182186234817814,-0.1904761904761905,0.0,0.0,1235.0,0.0,gnomad_benign,REVEL,1235
0.17,-0.05323642749134189,-0.20481927710843376,0.0,0.0,1235.0,0.0,gnomad_benign,REVEL,1235
0.18000000000000002,-0.05332280043448208,-0.21951219512195125,0.0,0.0,1235.0,0.0,gnomad_benign,REVEL,1235
0.19,-0.05375118708452041,-0.2345679012345679,0.0,0.0,1235.0,0.0,gnomad_benign,REVEL,1235
0.2,-0.053238866396761134,-0.25,0.0,0.0,1235.0,0.0,gnomad_benign,REVEL,1235
0.21000000000000002,-0.05294931584072157,-0.2658227848101266,0.0,0.0,1235.0,0.0,gnomad_benign,REVEL,1235
0.22,-0.05344129554655871,-0.28205128205128205,0.0,0.0,1235.0,0.0,gnomad_benign,REVEL,1235
0.23,-0.052242494347757504,-0.2987012987012987,0.0,0.0,1235.0,0.0,gnomad_benign,REVEL,1235
0.24000000000000002,-0.05139569571702536,-0.31578947368421056,0.0,0.0,1235.0,0.0,gnomad_benign,REVEL,1235
0.25,-0.05128205128205128,-0.3333333333333333,0.0,0.0,1235.0,0.0,gnomad_benign,REVEL,1235
0.26,-0.05177809388335704,-0.35135135135135137,0.0,0.0,1235.0,0.0,gnomad_benign,REVEL,1235
0.27,-0.05181077033997006,-0.36986301369863017,0.0,0.0,1235.0,0.0,gnomad_benign,REVEL,1235
0.28,-0.05164192532613586,-0.38888888888888895,0.0,0.0,1235.0,0.0,gnomad_benign,REVEL,1235
0.29000000000000004,-0.05093231453498319,-0.4084507042253522,0.0,0.0,1235.0,0.0,gnomad_benign,REVEL,1235
0.3,-0.05101214574898786,-0.4285714285714286,0.0,0.0,1235.0,0.0,gnomad_benign,REVEL,1235
0.31,-0.05129378630522796,-0.44927536231884063,0.0,0.0,1235.0,0.0,gnomad_benign,REVEL,1235
0.32,-0.05105977613717553,-0.4705882352941177,0.0,0.0,1235.0,0.0,gnomad_benign,REVEL,1235
0.33,-0.05184603299293009,-0.4925373134328359,0.0,0.0,1235.0,0.0,gnomad_benign,REVEL,1235
0.34,-0.05214084161452583,-0.5151515151515152,0.0,0.0,1235.0,0.0,gnomad_benign,REVEL,1235
0.35000000000000003,-0.0523201494861414,-0.5384615384615385,0.0,0.0,1235.0,0.0,gnomad_benign,REVEL,1235
0.36000000000000004,-0.05237854251012147,-0.5625000000000001,0.0,0.0,1235.0,0.0,gnomad_benign,REVEL,1235
0.37,-0.05135916714864083,-0.5873015873015873,0.0,0.0,1235.0,0.0,gnomad_benign,REVEL,1235
0.38,-0.04863523573200993,-0.6129032258064516,0.0,0.0,1235.0,0.0,gnomad_benign,REVEL,1235
0.39,-0.04866264020707507,-0.639344262295082,0.0,0.0,1235.0,0.0,gnomad_benign,REVEL,1235
0.4,-0.048582995951417005,-0.6666666666666667,0.0,0.0,1235.0,0.0,gnomad_benign,REVEL,1235
0.41000000000000003,-0.04951622864200919,-0.6949152542372882,0.0,0.0,1235.0,0.0,gnomad_benign,REVEL,1235
0.42000000000000004,-0.05042579924612593,-0.7241379310344829,0.0,0.0,1235.0,0.0,gnomad_benign,REVEL,1235
0.43,-0.05008878471482349,-0.7543859649122806,0.0,0.0,1235.0,0.0,gnomad_benign,REVEL,1235
0.44,-0.04707923655292076,-0.7857142857142857,0.0,0.0,1235.0,0.0,gnomad_benign,REVEL,1235
0.45,-0.04703717335296282,-0.8181818181818181,0.0,0.0,1235.0,0.0,gnomad_benign,REVEL,1235
0.46,-0.045524066576698156,-0.8518518518518519,0.0,0.0,1235.0,0.0,gnomad_benign,REVEL,1235
0.47000000000000003,-0.04451913528378275,-0.8867924528301887,0.0,0.0,1235.0,0.0,gnomad_benign,REVEL,1235
0.48000000000000004,-0.0455932731236375,-0.9230769230769231,0.0,0.0,1235.0,0.0,gnomad_benign,REVEL,1235
0.49,-0.0451218544097801,-0.9607843137254901,0.0,0.0,1235.0,0.0,gnomad_benign,REVEL,1235
0.5,-0.044534412955465584,-1.0,0.0,0.0,1235.0,0.0,gnomad_benign,REVEL,1235
0.51,-0.04382384532760473,-1.0408163265306123,0.0,0.0,1235.0,0.0,gnomad_benign,REVEL,1235
0.52,-0.044736842105263165,-1.0833333333333335,0.0,0.0,1235.0,0.0,gnomad_benign,REVEL,1235
0.53,-0.04474114910845035,-1.1276595744680853,0.0,0.0,1235.0,0.0,gnomad_benign,REVEL,1235
0.54,-0.04277415947896497,-1.173913043478261,0.0,0.0,1235.0,0.0,gnomad_benign,REVEL,1235
0.55,-0.038596491228070184,-1.2222222222222225,0.0,0.0,1235.0,0.0,gnomad_benign,REVEL,1235
0.56,-0.03709974236290026,-1.272727272727273,0.0,0.0,1235.0,0.0,gnomad_benign,REVEL,1235
0.5700000000000001,-0.037567084078711996,-1.3255813953488376,0.0,0.0,1235.0,0.0,gnomad_benign,REVEL,1235
0.5800000000000001,-0.039136302294197046,-1.3809523809523814,0.0,0.0,1235.0,0.0,gnomad_benign,REVEL,1235
0.59,-0.03845166386886541,-1.4390243902439022,0.0,0.0,1235.0,0.0,gnomad_benign,REVEL,1235
0.6,-0.0388663967611336,-1.4999999999999998,0.0,0.0,1235.0,0.0,gnomad_benign,REVEL,1235
0.61,-0.03926087407868784,-1.564102564102564,0.0,0.0,1235.0,0.0,gnomad_benign,REVEL,1235
0.62,-0.03831238014063499,-1.631578947368421,0.0,0.0,1235.0,0.0,gnomad_benign,REVEL,1235
0.63,-0.038603785972207025,-1.7027027027027026,0.0,0.0,1235.0,0.0,gnomad_benign,REVEL,1235
0.64,-0.03742690058479532,-1.777777777777778,0.0,0.0,1235.0,0.0,gnomad_benign,REVEL,1235
0.65,-0.03759398496240602,-1.8571428571428574,0.0,0.0,1235.0,0.0,gnomad_benign,REVEL,1235
0.66,-0.03457966182424387,-1.9411764705882355,0.0,0.0,1235.0,0.0,gnomad_benign,REVEL,1235
0.67,-0.03287940130045394,-2.0303030303030307,0.0,0.0,1235.0,0.0,gnomad_benign,REVEL,1235
0.68,-0.03441295546558705,-2.1250000000000004,0.0,0.0,1235.0,0.0,gnomad_benign,REVEL,1235
0.6900000000000001,-0.03424317617866006,-2.225806451612904,0.0,0.0,1235.0,0.0,gnomad_benign,REVEL,1235
0.7000000000000001,-0.03589743589743591,-2.333333333333334,0.0,0.0,1235.0,0.0,gnomad_benign,REVEL,1235
0.7100000000000001,-0.03766578249336872,-2.4482758620689666,0.0,0.0,1235.0,0.0,gnomad_benign,REVEL,1235
0.72,-0.03956043956043956,-2.571428571428571,0.0,0.0,1235.0,0.0,gnomad_benign,REVEL,1235
0.73,-0.04159544159544159,-2.7037037037037033,0.0,0.0,1235.0,0.0,gnomad_benign,REVEL,1235
0.74,-0.03917782622236063,-2.846153846153846,0.0,0.0,1235.0,0.0,gnomad_benign,REVEL,1235
0.75,-0.03643724696356275,-3.0,0.0,0.0,1235.0,0.0,gnomad_benign,REVEL,1235
0.76,-0.038461538461538464,-3.166666666666667,0.0,0.0,1235.0,0.0,gnomad_benign,REVEL,1235
0.77,-0.037951064953353285,-3.347826086956522,0.0,0.0,1235.0,0.0,gnomad_benign,REVEL,1235
0.78,-0.04019138755980862,-3.545454545454546,0.0,0.0,1235.0,0.0,gnomad_benign,REVEL,1235
0.79,-0.03959899749373434,-3.7619047619047628,0.0,0.0,1235.0,0.0,gnomad_benign,REVEL,1235
0.8,-0.035627530364372474,-4.000000000000001,0.0,0.0,1235.0,0.0,gnomad_benign,REVEL,1235
0.81,-0.03451949712337525,-4.263157894736843,0.0,0.0,1235.0,0.0,gnomad_benign,REVEL,1235
0.8200000000000001,-0.03688708951866848,-4.555555555555557,0.0,0.0,1235.0,0.0,gnomad_benign,REVEL,1235
0.8300000000000001,-0.039533222195760914,-4.882352941176473,0.0,0.0,1235.0,0.0,gnomad_benign,REVEL,1235
0.8400000000000001,-0.042510121457489905,-5.2500000000000036,0.0,0.0,1235.0,0.0,gnomad_benign,REVEL,1235
0.85,-0.04588394062078272,-5.666666666666666,0.0,0.0,1235.0,0.0,gnomad_benign,REVEL,1235
0.86,-0.03979178716020821,-6.142857142857142,0.0,0.0,1235.0,0.0,gnomad_benign,REVEL,1235
0.87,-0.037932108377452506,-6.692307692307692,0.0,0.0,1235.0,0.0,gnomad_benign,REVEL,1235
0.88,-0.04156545209176789,-7.333333333333334,0.0,0.0,1235.0,0.0,gnomad_benign,REVEL,1235
0.89,-0.045859403754140604,-8.090909090909092,0.0,0.0,1235.0,0.0,gnomad_benign,REVEL,1235
0.9,-0.043724696356275315,-9.000000000000002,0.0,0.0,1235.0,0.0,gnomad_benign,REVEL,1235
0.91,-0.040935672514619895,-10.111111111111114,0.0,0.0,1235.0,0.0,gnomad_benign,REVEL,1235
0.92,-0.027935222672064795,-11.500000000000007,0.0,0.0,1235.0,0.0,gnomad_benign,REVEL,1235
0.93,-0.021515326778484688,-13.285714285714295,0.0,0.0,1235.0,0.0,gnomad_benign,REVEL,1235
0.9400000000000001,-0.025371120107962237,-15.666666666666682,0.0,0.0,1235.0,0.0,gnomad_benign,REVEL,1235
0.9500000000000001,-0.030769230769230813,-19.00000000000003,0.0,0.0,1235.0,0.0,gnomad_benign,REVEL,1235
0.9600000000000001,-0.038866396761133674,-24.000000000000046,0.0,0.0,1235.0,0.0,gnomad_benign,REVEL,1235
0.97,-0.026180836707152474,-32.33333333333331,0.0,0.0,1235.0,0.0,gnomad_benign,REVEL,1235
0.98,0.0,-48.99999999999996,0.0,0.0,1235.0,0.0,gnomad_benign,REVEL,1235
0.99,0.0,-98.99999999999991,0.0,0.0,1235.0,0.0,gnomad_benign,REVEL,1235
0.01,0.08619093175958904,0.08825800799935452,0.0,0.09737542791936098,5258.0,512.0,grimm2015,AGVarPred,5258
0.02,0.08113583965347265,0.07895451828506223,0.0,0.09737542791936098,5258.0,512.0,grimm2015,AGVarPred,5258
0.03,0.07609808127428798,0.06945920404057833,0.0,0.09737542791936098,5258.0,512.0,grimm2015,AGVarPred,5258
0.04,0.07100291619120071,0.05976607074933434,0.0,0.09737542791936098,5258.0,512.0,grimm2015,AGVarPred,5258
0.05,0.06467337991231406,0.04986887149406418,0.0,0.09737542791936098,5258.0,512.0,grimm2015,AGVarPred,5258
0.060000000000000005,0.05981564060438804,0.039761093531235074,0.0,0.09737542791936098,5258.0,512.0,grimm2015,AGVarPred,5258
0.06999999999999999,0.054720507818091846,0.02943594399931289,0.0,0.09737542791936098,5258.0,512.0,grimm2015,AGVarPred,5258
0.08,0.0495146112755718,0.018886334694957582,0.0,0.09737542791936098,5258.0,512.0,grimm2015,AGVarPred,5258
0.09,0.04373868809015253,0.008104865845451628,0.0,0.09737542791936098,5258.0,512.0,grimm2015,AGVarPred,5258
0.09999999999999999,0.03862896749926039,-0.0029161912007100305,0.0,0.09737542791936098,5258.0,512.0,grimm2015,AGVarPred,5258
0.11,0.03333176625452495,-0.014184912450156212,0.0,0.09737542791936098,5258.0,512.0,grimm2015,AGVarPred,5258
0.12,0.027914174072409155,-0.025709741000726163,0.0,0.09737542791936098,5258.0,512.0,grimm2015,AGVarPred,5258
0.13,0.02247915600967109,-0.03749950813866555,0.0,0.09737542791936098,5258.0,512.0,grimm2015,AGVarPred,5258
0.14,0.016970817447610295,-0.04956345590771981,0.0,0.09737542791936098,5258.0,512.0,grimm2015,AGVarPred,5258
0.15000000000000002,0.011332870919383342,-0.06191126127134007,0.0,0.09737542791936098,5258.0,512.0,grimm2015,AGVarPred,5258
0.16,0.0055606875690557694,-0.07455306200076077,0.0,0.09737542791936098,5258.0,512.0,grimm2015,AGVarPred,5258
0.17,0.0015604448986512726,-0.08749948443450488,0.0,0.09737542791936098,5258.0,512.0,grimm2015,AGVarPred,5258
0.18000000000000002,-0.004235126033268713,-0.10076167326907202,0.0,0.09737542791936098,5258.0,512.0,grimm2015,AGVarPred,5258
0.19,-0.010286500523599543,-0.11435132355634446,0.0,0.09737542791936098,5258.0,512.0,grimm2015,AGVarPred,5258
0.2,-0.01635602890833017,-0.1282807151007988,0.0,0.09737542791936098,5258.0,512.0,grimm2015,AGVarPred,5258
0.21000000000000002,-0.022579216239509675,-0.14256274946916336,0.0,0.09737542791936098,5258.0,512.0,grimm2015,AGVarPred,5258
0.22,-0.028961972476616832,-0.15721098984697313,0.0,0.09737542791936098,5258.0,512.0,grimm2015,AGVarPred,5258
0.23,-0.035510514590012504,-0.17223970400082989,0.0,0.09737542791936098,5258.0,512.0,grimm2015,AGVarPred,5258
0.24000000000000002,-0.04223138675902387,-0.18766391063241983,0.0,0.09737542791936098,5258.0,512.0,grimm2015,AGVarPred,5258
0.25,-0.0491314821858755,-0.20349942944085203,0.0,0.09737542791936098,5258.0,512.0,grimm2015,AGVarPred,5258
0.26,-0.05621806667831773,-0.21976293524410678,0.0,0.09737542791936098,5258.0,512.0,grimm2015,AGVarPred,5258
0.27,-0.06349880417055291,-0.2364720165488206,0.0,0.09737542791936098,5258.0,512.0,grimm2015,AGVarPred,5258
0.28,-0.07022103884028573,-0.2536452390008876,0.0,0.09737542791936098,5258.0,512.0,grimm2015,AGVarPred,5258
0.29000000000000004,-0.07784784017915024,-0.2713022141980832,0.0,0.09737542791936098,5258.0,512.0,grimm2015,AGVarPred,5258
0.3,-0.08569255012769657,-0.2894636744009129,0.0,0.09737542791936098,5258.0,512.0,grimm2015,AGVarPred,5258
0.31,-0.08580437814565522,-0.3081515537400566,0.0,0.09737542791936098,5258.0,512.0,grimm2015,AGVarPred,5258
0.32,-0.09358288770053477,-0.3273890765891751,0.0,0.09737542791936098,5258.0,512.0,grimm2015,AGVarPred,5258
0.33,-0.10159359157048536,-0.34720085385170013,0.0,0.09737542791936098,5258.0,512.0,grimm2015,AGVarPred,5258
0.34,-0.10984704404255569,-0.3676129880009683,0.0,0.09737542791936098,5258.0,512.0,grimm2015,AGVarPred,5258
0.35000000000000003,-0.11825204084618313,-0.3886531878163678,0.0,0.09737542791936098,5258.0,512.0,grimm2015,AGVarPred,5258
0.36000000000000004,-0.12702073031570943,-0.4103508938759986,0.0,0.09737542791936098,5258.0,512.0,grimm2015,AGVarPred,5258
0.37,-0.13606779087950638,-0.4327374160010144,0.0,0.09737542791936098,5258.0,512.0,grimm2015,AGVarPred,5258
0.38,-0.1402839298641701,-0.4558460840010307,0.0,0.09737542791936098,5258.0,512.0,grimm2015,AGVarPred,5258
0.39,-0.14952079267190044,-0.4797124132469493,0.0,0.09737542791936098,5258.0,512.0,grimm2015,AGVarPred,5258
0.4,-0.15918600228223662,-0.5043742868010652,0.0,0.09737542791936098,5258.0,512.0,grimm2015,AGVarPred,5258
0.41000000000000003,-0.16917884611665196,-0.5298721560688798,0.0,0.09737542791936098,5258.0,512.0,grimm2015,AGVarPred,5258
0.42000000000000004,-0.17475505305544264,-0.5562492622079985,0.0,0.09737542791936098,5258.0,512.0,grimm2015,AGVarPred,5258
0.43,-0.18518481445149573,-0.5835518808432263,0.0,0.09737542791936098,5258.0,512.0,grimm2015,AGVarPred,5258
0.44,-0.19598706732597945,-0.6118295930011411,0.0,0.09737542791936098,5258.0,512.0,grimm2015,AGVarPred,5258
0.45,-0.20718212939589883,-0.6411355856011619,0.0,0.09737542791936098,5258.0,512.0,grimm2015,AGVarPred,5258
0.46,-0.21879182339433387,-0.6715269853345168,0.0,0.09737542791936098,5258.0,512.0,grimm2015,AGVarPred,5258
0.47000000000000003,-0.22281231833612036,-0.7030652303408285,0.0,0.09737542791936098,5258.0,512.0,grimm2015,AGVarPred,5258
0.48000000000000004,-0.23490944202241276,-0.7358164847704598,0.0,0.09737542791936098,5258.0,512.0,grimm2015,AGVarPred,5258
0.49,-0.24729823462287154,-0.7698521021189001,0.0,0.09737542791936098,5258.0,512.0,grimm2015,AGVarPred,5258
0.5,-0.2601749714720426,-0.8052491441612781,0.0,0.09737542791936098,5258.0,512.0,grimm2015,AGVarPred,5258
0.51,-0.2596121750335737,-0.8420909634298757,0.0,0.09737542791936098,5258.0,512.0,grimm2015,AGVarPred,5258
0.52,-0.2730917966273615,-0.8804678585013315,0.0,0.09737542791936098,5258.0,512.0,grimm2015,AGVarPred,5258
0.53,-0.2871450191400339,-0.9204778129375301,0.0,0.09737542791936098,5258.0,512.0,grimm2015,AGVarPred,5258
0.54,-0.3018092513271702,-0.9622273306100849,0.0,0.09737542791936098,5258.0,512.0,grimm2015,AGVarPred,5258
0.55,-0.31712522716706826,-1.0058323824014204,0.0,0.09737542791936098,5258.0,512.0,grimm2015,AGVarPred,5258
0.56,-0.33313738372696156,-1.0514194820014524,0.0,0.09737542791936098,5258.0,512.0,grimm2015,AGVarPred,5258
0.5700000000000001,-0.3394428865869949,-1.0991269118154399,0.0,0.09737542791936098,5258.0,512.0,grimm2015,AGVarPred,5258
0.5800000000000001,-0.35648173305077085,-1.149106124001522,0.0,0.09737542791936098,5258.0,512.0,grimm2015,AGVarPred,5258
0.59,-0.3743517427566819,-1.2015233465381436,0.0,0.09737542791936098,5258.0,512.0,grimm2015,AGVarPred,5258
0.6,-0.39311525294788885,-1.2565614302015973,0.0,0.09737542791936098,5258.0,512.0,grimm2015,AGVarPred,5258
0.61,-0.41284099443095257,-1.3144219796939463,0.0,0.09737542791936098,5258.0,512.0,grimm2015,AGVarPred,5258
0.62,-0.4336049328341775,-1.3753278212648394,0.0,0.09737542791936098,5258.0,512.0,grimm2015,AGVarPred,5258
0.63,-0.42996000945791746,-1.4395258704882135,0.0,0.09737542791936098,5258.0,512.0,grimm2015,AGVarPred,5258
0.64,-0.4254046743586493,-1.5072904780017753,0.0,0.09737542791936098,5258.0,512.0,grimm2015,AGVarPred,5258
0.65,-0.44715535510514604,-1.578927348801826,0.0,0.09737542791936098,5258.0,512.0,grimm2015,AGVarPred,5258
0.66,-0.47018548766026014,-1.6547781531783503,0.0,0.09737542791936098,5258.0,512.0,grimm2015,AGVarPred,5258
0.67,-0.49461138582477504,-1.7352259760019368,0.0,0.09737542791936098,5258.0,512.0,grimm2015,AGVarPred,5258
0.68,-0.5205639026245722,-1.8207017877519973,0.0,0.09737542791936098,5258.0,512.0,grimm2015,AGVarPred,5258
0.6900000000000001,-0.5153989619504534,-1.9116921680020622,0.0,0.09737542791936098,5258.0,512.0,grimm2015,AGVarPred,5258
0.7000000000000001,-0.5431089134018005,-2.008748573602131,0.0,0.09737542791936098,5258.0,512.0,grimm2015,AGVarPred,5258
0.7100000000000001,-0.5722642672577749,-2.1124985244159977,0.0,0.09737542791936098,5258.0,512.0,grimm2015,AGVarPred,5258
0.72,-0.603977612345813,-2.223659186002282,0.0,0.09737542791936098,5258.0,512.0,grimm2015,AGVarPred,5258
0.73,-0.6375258864798612,-2.3430539706690334,0.0,0.09737542791936098,5258.0,512.0,grimm2015,AGVarPred,5258
0.74,-0.6741814670684961,-2.471632969540919,0.0,0.09737542791936098,5258.0,512.0,grimm2015,AGVarPred,5258
0.75,-0.6793457588436668,-2.6104982883225563,0.0,0.09737542791936098,5258.0,512.0,grimm2015,AGVarPred,5258
0.76,-0.7189996196272348,-2.760935717002663,0.0,0.09737542791936098,5258.0,512.0,grimm2015,AGVarPred,5258
0.77,-0.7633419881919065,-2.92445466122017,0.0,0.09737542791936098,5258.0,512.0,grimm2015,AGVarPred,5258
0.78,-0.8117154811715482,-3.1028389640029053,0.0,0.09737542791936098,5258.0,512.0,grimm2015,AGVarPred,5258
0.79,-0.8646959734825846,-3.2982122480030442,0.0,0.09737542791936098,5258.0,512.0,grimm2015,AGVarPred,5258
0.8,-0.9229745150247245,-3.5131228604031963,0.0,0.09737542791936098,5258.0,512.0,grimm2015,AGVarPred,5258
0.81,-0.9873876398870897,-3.7506556425296806,0.0,0.09737542791936098,5258.0,512.0,grimm2015,AGVarPred,5258
0.8200000000000001,-1.0589577786230508,-4.0145809560035515,0.0,0.09737542791936098,5258.0,512.0,grimm2015,AGVarPred,5258
0.8300000000000001,-0.9465128767368496,-4.309556306356702,0.0,0.09737542791936098,5258.0,512.0,grimm2015,AGVarPred,5258
0.8400000000000001,-0.9267306960821611,-4.641403575503998,0.0,0.09737542791936098,5258.0,512.0,grimm2015,AGVarPred,5258
0.85,-0.9305185748700392,-5.01749714720426,0.0,0.09737542791936098,5258.0,512.0,grimm2015,AGVarPred,5258
0.86,-1.0123892843558115,-5.447318372004564,0.0,0.09737542791936098,5258.0,512.0,grimm2015,AGVarPred,5258
0.87,-1.0919624308745646,-5.943265939081838,0.0,0.09737542791936098,5258.0,512.0,grimm2015,AGVarPred,5258
0.88,-1.2007100291619122,-6.521871434005326,0.0,0.09737542791936098,5258.0,512.0,grimm2015,AGVarPred,5258
0.89,-1.1044814827621978,-7.2056779280058105,0.0,0.09737542791936098,5258.0,512.0,grimm2015,AGVarPred,5258
0.9,-1.2308862685431725,-8.026245720806392,0.0,0.09737542791936098,5258.0,512.0,grimm2015,AGVarPred,5258
0.91,-1.3185833227674235,-9.029161912007103,0.0,0.09737542791936098,5258.0,512.0,grimm2015,AGVarPred,5258
0.92,-1.5042791936097384,-10.282807151007994,0.0,0.09737542791936098,5258.0,512.0,grimm2015,AGVarPred,5258
0.93,-1.743031027549857,-11.894636744009137,0.0,0.09737542791936098,5258.0,512.0,grimm2015,AGVarPred,5258
0.9400000000000001,-1.4131482185875506,-14.043742868010664,0.0,0.09737542791936098,5258.0,512.0,grimm2015,AGVarPred,5258
0.9500000000000001,-1.28851274248764,-17.05249144161281,0.0,0.09737542791936098,5258.0,512.0,grimm2015,AGVarPred,5258
0.9600000000000001,-1.6317991631799196,-21.56561430201602,0.0,0.09737542791936098,5258.0,512.0,grimm2015,AGVarPred,5258
0.97,-1.6475846329402801,-29.08748573602128,0.0,0.09737542791936098,5258.0,512.0,grimm2015,AGVarPred,5258
0.98,-2.308482312666411,-44.13122860403192,0.0,0.09737542791936098,5258.0,512.0,grimm2015,AGVarPred,5258
0.99,-3.8119056675542,-89.26245720806384,0.0,0.09737542791936098,5258.0,512.0,grimm2015,AGVarPred,5258
0.01,-0.010101010101010102,-0.010101010101010102,0.0,0.0,607.0,0.0,grimm2015,AlphaMissense,607
0.02,-0.020408163265306124,-0.020408163265306124,0.0,0.0,607.0,0.0,grimm2015,AlphaMissense,607
0.03,-0.03087688309923742,-0.030927835051546393,0.0,0.0,607.0,0.0,grimm2015,AlphaMissense,607
0.04,-0.04111751784733663,-0.04166666666666667,0.0,0.0,607.0,0.0,grimm2015,AlphaMissense,607
0.05,-0.051070840197693576,-0.052631578947368425,0.0,0.0,607.0,0.0,grimm2015,AlphaMissense,607
0.060000000000000005,-0.05857197938939326,-0.06382978723404256,0.0,0.0,607.0,0.0,grimm2015,AlphaMissense,607
0.06999999999999999,-0.06373669199837026,-0.07526881720430106,0.0,0.0,607.0,0.0,grimm2015,AlphaMissense,607
0.08,-0.06475180860969845,-0.08695652173913043,0.0,0.0,607.0,0.0,grimm2015,AlphaMissense,607
0.09,-0.06191502072885927,-0.0989010989010989,0.0,0.0,607.0,0.0,grimm2015,AlphaMissense,607
0.09999999999999999,-0.06278601501006773,-0.1111111111111111,0.0,0.0,607.0,0.0,grimm2015,AlphaMissense,607
0.11,-0.06189956129796568,-0.12359550561797752,0.0,0.0,607.0,0.0,grimm2015,AlphaMissense,607
0.12,-0.060880635015725625,-0.13636363636363635,0.0,0.0,607.0,0.0,grimm2015,AlphaMissense,607
0.13,-0.060804029616163914,-0.14942528735632185,0.0,0.0,607.0,0.0,grimm2015,AlphaMissense,607
0.14,-0.05980613769587372,-0.16279069767441862,0.0,0.0,607.0,0.0,grimm2015,AlphaMissense,607
0.15000000000000002,-0.061052427560810175,-0.17647058823529416,0.0,0.0,607.0,0.0,grimm2015,AlphaMissense,607
0.16,-0.06087706911430141,-0.1904761904761905,0.0,0.0,607.0,0.0,grimm2015,AlphaMissense,607
0.17,-0.061074611460669705,-0.20481927710843376,0.0,0.0,607.0,0.0,grimm2015,AlphaMissense,607
0.18000000000000002,-0.060392976252662045,-0.21951219512195125,0.0,0.0,607.0,0.0,grimm2015,AlphaMissense,607
0.19,-0.06260296540362438,-0.2345679012345679,0.0,0.0,607.0,0.0,grimm2015,AlphaMissense,607
0.2,-0.06342668863261944,-0.25,0.0,0.0,607.0,0.0,grimm2015,AlphaMissense,607
0.21000000000000002,-0.06306174796154569,-0.2658227848101266,0.0,0.0,607.0,0.0,grimm2015,AlphaMissense,607
0.22,-0.06551767836776073,-0.28205128205128205,0.0,0.0,607.0,0.0,grimm2015,AlphaMissense,607
0.23,-0.06643274353323776,-0.2987012987012987,0.0,0.0,607.0,0.0,grimm2015,AlphaMissense,607
0.24000000000000002,-0.06815225873580162,-0.31578947368421056,0.0,0.0,607.0,0.0,grimm2015,AlphaMissense,607
0.25,-0.06974190005491487,-0.3333333333333333,0.0,0.0,607.0,0.0,grimm2015,AlphaMissense,607
0.26,-0.07003873725455274,-0.35135135135135137,0.0,0.0,607.0,0.0,grimm2015,AlphaMissense,607
0.27,-0.0706822233756855,-0.36986301369863017,0.0,0.0,607.0,0.0,grimm2015,AlphaMissense,607
0.28,-0.0717554457257917,-0.38888888888888895,0.0,0.0,607.0,0.0,grimm2015,AlphaMissense,607
0.29000000000000004,-0.07200037125553985,-0.4084507042253522,0.0,0.0,607.0,0.0,grimm2015,AlphaMissense,607
0.3,-0.0741350906095552,-0.4285714285714286,0.0,0.0,607.0,0.0,grimm2015,AlphaMissense,607
0.31,-0.07475586753575436,-0.44927536231884063,0.0,0.0,607.0,0.0,grimm2015,AlphaMissense,607
0.32,-0.07442581645508285,-0.4705882352941177,0.0,0.0,607.0,0.0,grimm2015,AlphaMissense,607
0.33,-0.07627431212963191,-0.4925373134328359,0.0,0.0,607.0,0.0,grimm2015,AlphaMissense,607
0.34,-0.07807897758474365,-0.5151515151515152,0.0,0.0,607.0,0.0,grimm2015,AlphaMissense,607
0.35000000000000003,-0.08161196299581802,-0.5384615384615385,0.0,0.0,607.0,0.0,grimm2015,AlphaMissense,607
0.36000000000000004,-0.08154859967051072,-0.5625000000000001,0.0,0.0,607.0,0.0,grimm2015,AlphaMissense,607
0.37,-0.08127402526084569,-0.5873015873015873,0.0,0.0,607.0,0.0,grimm2015,AlphaMissense,607
0.38,-0.08077801987564437,-0.6129032258064516,0.0,0.0,607.0,0.0,grimm2015,AlphaMissense,607
0.39,-0.08215626434763822,-0.639344262295082,0.0,0.0,607.0,0.0,grimm2015,AlphaMissense,607
0.4,-0.08237232289950577,-0.6666666666666667,0.0,0.0,607.0,0.0,grimm2015,AlphaMissense,607
0.41000000000000003,-0.0824281685421495,-0.6949152542372882,0.0,0.0,607.0,0.0,grimm2015,AlphaMissense,607
0.42000000000000004,-0.08112253593137535,-0.7241379310344829,0.0,0.0,607.0,0.0,grimm2015,AlphaMissense,607
0.43,-0.08326830255209687,-0.7543859649122806,0.0,0.0,607.0,0.0,grimm2015,AlphaMissense,607
0.44,-0.0815485996705107,-0.7857142857142857,0.0,0.0,607.0,0.0,grimm2015,AlphaMissense,607
0.45,-0.08357046577804403,-0.8181818181818181,0.0,0.0,607.0,0.0,grimm2015,AlphaMissense,607
0.46,-0.08420281896393923,-0.8518518518518519,0.0,0.0,607.0,0.0,grimm2015,AlphaMissense,607
0.47000000000000003,-0.08327375586708527,-0.8867924528301887,0.0,0.0,607.0,0.0,grimm2015,AlphaMissense,607
0.48000000000000004,-0.0851603092130275,-0.9230769230769231,0.0,0.0,607.0,0.0,grimm2015,AlphaMissense,607
0.49,-0.08705623929967374,-0.9607843137254901,0.0,0.0,607.0,0.0,grimm2015,AlphaMissense,607
0.5,-0.08731466227347612,-1.0,0.0,0.0,607.0,0.0,grimm2015,AlphaMissense,607
0.51,-0.08744914769861817,-1.0408163265306123,0.0,0.0,607.0,0.0,grimm2015,AlphaMissense,607
0.52,-0.085667215815486,-1.0833333333333335,0.0,0.0,607.0,0.0,grimm2015,AlphaMissense,607
0.53,-0.0891724210452522,-1.1276595744680853,0.0,0.0,607.0,0.0,grimm2015,AlphaMissense,607
0.54,-0.09089606761693289,-1.173913043478261,0.0,0.0,607.0,0.0,grimm2015,AlphaMissense,607
0.55,-0.08859600951857956,-1.2222222222222225,0.0,0.0,607.0,0.0,grimm2015,AlphaMissense,607
0.56,-0.09225700164744646,-1.272727272727273,0.0,0.0,607.0,0.0,grimm2015,AlphaMissense,607
0.5700000000000001,-0.09608827247998163,-1.3255813953488376,0.0,0.0,607.0,0.0,grimm2015,AlphaMissense,607
0.5800000000000001,-0.10010198478073275,-1.3809523809523814,0.0,0.0,607.0,0.0,grimm2015,AlphaMissense,607
0.59,-0.10194077229075418,-1.4390243902439022,0.0,0.0,607.0,0.0,grimm2015,AlphaMissense,607
0.6,-0.10626029654036241,-1.4999999999999998,0.0,0.0,607.0,0.0,grimm2015,AlphaMissense,607
0.61,-0.11080133485405314,-1.564102564102564,0.0,0.0,607.0,0.0,grimm2015,AlphaMissense,607
0.62,-0.0994537414376138,-1.631578947368421,0.0,0.0,607.0,0.0,grimm2015,AlphaMissense,607
0.63,-0.1009840153167995,-1.7027027027027026,0.0,0.0,607.0,0.0,grimm2015,AlphaMissense,607
0.64,-0.10250777960827386,-1.777777777777778,0.0,0.0,607.0,0.0,grimm2015,AlphaMissense,607
0.65,-0.10402447634737587,-1.8571428571428574,0.0,0.0,607.0,0.0,grimm2015,AlphaMissense,607
0.66,-0.10873146622734763,-1.9411764705882355,0.0,0.0,607.0,0.0,grimm2015,AlphaMissense,607
0.67,-0.11372372822125708,-2.0303030303030307,0.0,0.0,607.0,0.0,grimm2015,AlphaMissense,607
0.68,-0.10852553542009888,-2.1250000000000004,0.0,0.0,607.0,0.0,grimm2015,AlphaMissense,607
0.6900000000000001,-0.113673805601318,-2.225806451612904,0.0,0.0,607.0,0.0,grimm2015,AlphaMissense,607
0.7000000000000001,-0.11916529379461838,-2.333333333333334,0.0,0.0,607.0,0.0,grimm2015,AlphaMissense,607
0.7100000000000001,-0.12100210191444646,-2.4482758620689666,0.0,0.0,607.0,0.0,grimm2015,AlphaMissense,607
0.72,-0.12285243586726288,-2.571428571428571,0.0,0.0,607.0,0.0,grimm2015,AlphaMissense,607
0.73,-0.12471779852339983,-2.7037037037037033,0.0,0.0,607.0,0.0,grimm2015,AlphaMissense,607
0.74,-0.13128881003675072,-2.846153846153846,0.0,0.0,607.0,0.0,grimm2015,AlphaMissense,607
0.75,-0.1383855024711697,-3.0,0.0,0.0,607.0,0.0,grimm2015,AlphaMissense,607
0.76,-0.1408566721581549,-3.166666666666667,0.0,0.0,607.0,0.0,grimm2015,AlphaMissense,607
0.77,-0.1433994699520092,-3.347826086956522,0.0,0.0,607.0,0.0,grimm2015,AlphaMissense,607
0.78,-0.1518646098547252,-3.545454545454546,0.0,0.0,607.0,0.0,grimm2015,AlphaMissense,607
0.79,-0.1611359535576999,-3.7619047619047628,0.0,0.0,607.0,0.0,grimm2015,AlphaMissense,607
0.8,-0.17133443163097203,-4.000000000000001,0.0,0.0,607.0,0.0,grimm2015,AlphaMissense,607
0.81,-0.17558310933842022,-4.263157894736843,0.0,0.0,607.0,0.0,grimm2015,AlphaMissense,607
0.8200000000000001,-0.18762584660442985,-4.555555555555557,0.0,0.0,607.0,0.0,grimm2015,AlphaMissense,607
0.8300000000000001,-0.19304196143037122,-4.882352941176473,0.0,0.0,607.0,0.0,grimm2015,AlphaMissense,607
0.8400000000000001,-0.20757825370675465,-5.2500000000000036,0.0,0.0,607.0,0.0,grimm2015,AlphaMissense,607
0.85,-0.1960461285008237,-5.666666666666666,0.0,0.0,607.0,0.0,grimm2015,AlphaMissense,607
0.86,-0.1922805365968463,-6.142857142857142,0.0,0.0,607.0,0.0,grimm2015,AlphaMissense,607
0.87,-0.20947915346597387,-6.692307692307692,0.0,0.0,607.0,0.0,grimm2015,AlphaMissense,607
0.88,-0.22954420647995608,-7.333333333333334,0.0,0.0,607.0,0.0,grimm2015,AlphaMissense,607
0.89,-0.22659877190354952,-8.090909090909092,0.0,0.0,607.0,0.0,grimm2015,AlphaMissense,607
0.9,-0.2520593080724877,-9.000000000000002,0.0,0.0,607.0,0.0,grimm2015,AlphaMissense,607
0.91,-0.26652022698151207,-10.111111111111114,0.0,0.0,607.0,0.0,grimm2015,AlphaMissense,607
0.92,-0.3031301482701814,-11.500000000000007,0.0,0.0,607.0,0.0,grimm2015,AlphaMissense,607
0.93,-0.35020004706989905,-13.285714285714295,0.0,0.0,607.0,0.0,grimm2015,AlphaMissense,607
0.9400000000000001,-0.3871499176276775,-15.666666666666682,0.0,0.0,607.0,0.0,grimm2015,AlphaMissense,607
0.9500000000000001,-0.40691927512355913,-19.00000000000003,0.0,0.0,607.0,0.0,grimm2015,AlphaMissense,607
0.9600000000000001,-0.3953871499176284,-24.000000000000046,0.0,0.0,607.0,0.0,grimm2015,AlphaMissense,607
0.97,-0.3728720483250958,-32.33333333333331,0.0,0.0,607.0,0.0,grimm2015,AlphaMissense,607
0.98,-0.4036243822075779,-48.99999999999996,0.0,0.0,607.0,0.0,grimm2015,AlphaMissense,607
0.99,-0.6523887973640851,-98.99999999999991,0.0,0.0,607.0,0.0,grimm2015,AlphaMissense,607
0.01,0.08862137177480277,0.0890010358013442,0.0,0.09811102544333077,5188.0,509.0,grimm2015,REVEL,5188
0.02,0.0783007883184114,0.07970512800339874,0.0,0.09811102544333077,5188.0,509.0,grimm2015,REVEL,5188
0.03,0.06890802724765319,0.07021755200343377,0.0,0.09811102544333077,5188.0,509.0,grimm2015,REVEL,5188
0.04,0.059231238756103824,0.060532318170136205,0.0,0.09811102544333077,5188.0,509.0,grimm2015,REVEL,5188
0.05,0.05004463742239175,0.05064318467719028,0.0,0.09811102544333077,5188.0,509.0,grimm2015,REVEL,5188
0.060000000000000005,0.04196673173772535,0.04054364408864974,0.0,0.09811102544333077,5188.0,509.0,grimm2015,REVEL,5188
0.06999999999999999,0.034755556660946284,0.030226909078850298,0.0,0.09811102544333077,5188.0,509.0,grimm2015,REVEL,5188
0.08,0.02685126210988569,0.019685897221011703,0.0,0.09811102544333077,5188.0,509.0,grimm2015,REVEL,5188
0.09,0.02155862641598956,0.008913214772890948,0.0,0.09811102544333077,5188.0,509.0,grimm2015,REVEL,5188
0.09999999999999999,0.015805705474171164,-0.002098860618521367,0.0,0.09811102544333077,5188.0,509.0,grimm2015,REVEL,5188
0.11,0.011049699825873012,-0.01335839837828004,0.0,0.09811102544333077,5188.0,509.0,grimm2015,REVEL,5188
0.12,0.006448447466180694,-0.024873834723487767,0.0,0.09811102544333077,5188.0,509.0,grimm2015,REVEL,5188
0.13,0.0012362746922606471,-0.03665399374329799,0.0,0.09811102544333077,5188.0,509.0,grimm2015,REVEL,5188
0.14,-0.003034731311972176,-0.0487081099496154,0.0,0.09811102544333077,5188.0,509.0,grimm2015,REVEL,5188
0.15000000000000002,-0.0059866660619529305,-0.0610458524196109,0.0,0.09811102544333077,5188.0,509.0,grimm2015,REVEL,5188
0.16,-0.009573374453867911,-0.0736773506627015,0.0,0.09811102544333077,5188.0,509.0,grimm2015,REVEL,5188
0.17,-0.012447631698730165,-0.08661322235743284,0.0,0.09811102544333077,5188.0,509.0,grimm2015,REVEL,5188
0.18000000000000002,-0.014921864715948634,-0.09986460311788935,0.0,0.09811102544333077,5188.0,509.0,grimm2015,REVEL,5188
0.19,-0.01783555593630124,-0.11344317846502373,0.0,0.09811102544333077,5188.0,509.0,grimm2015,REVEL,5188
0.2,-0.02076908249807248,-0.12736121819583657,0.0,0.09811102544333077,5188.0,509.0,grimm2015,REVEL,5188
0.21000000000000002,-0.023806154416716283,-0.1416316133628725,0.0,0.09811102544333077,5188.0,509.0,grimm2015,REVEL,5188
0.22,-0.02691121523041337,-0.15626791609829388,0.0,0.09811102544333077,5188.0,509.0,grimm2015,REVEL,5188
0.23,-0.029794030179535184,-0.17128438254112888,0.0,0.09811102544333077,5188.0,509.0,grimm2015,REVEL,5188
0.24000000000000002,-0.03160126607961694,-0.1866960191535122,0.0,0.09811102544333077,5188.0,509.0,grimm2015,REVEL,5188
0.25,-0.03334618350038549,-0.20251863274222565,0.0,0.09811102544333077,5188.0,509.0,grimm2015,REVEL,5188
0.26,-0.03538831815624415,-0.21876888453603954,0.0,0.09811102544333077,5188.0,509.0,grimm2015,REVEL,5188
0.27,-0.0381253894656795,-0.2354643487077661,0.0,0.09811102544333077,5188.0,509.0,grimm2015,REVEL,5188
0.28,-0.03878608755247153,-0.25262357577315175,0.0,0.09811102544333077,5188.0,509.0,grimm2015,REVEL,5188
0.29000000000000004,-0.0402364068761063,-0.27026616134742154,0.0,0.09811102544333077,5188.0,509.0,grimm2015,REVEL,5188
0.3,-0.042983808789514265,-0.2884128207952418,0.0,0.09811102544333077,5188.0,509.0,grimm2015,REVEL,5188
0.31,-0.043486641413294905,-0.30708547037198447,0.0,0.09811102544333077,5188.0,509.0,grimm2015,REVEL,5188
0.32,-0.04550092974738085,-0.32630731552451364,0.0,0.09811102544333077,5188.0,509.0,grimm2015,REVEL,5188
0.33,-0.04730204029965823,-0.3461029470995064,0.0,0.09811102544333077,5188.0,509.0,grimm2015,REVEL,5188
0.34,-0.04933880049531555,-0.3664984462979838,0.0,0.09811102544333077,5188.0,509.0,grimm2015,REVEL,5188
0.35000000000000003,-0.05018978708261671,-0.38752149931795277,0.0,0.09811102544333077,5188.0,509.0,grimm2015,REVEL,5188
0.36000000000000004,-0.051970894371626844,-0.40920152274479576,0.0,0.09811102544333077,5188.0,509.0,grimm2015,REVEL,5188
0.37,-0.05386667645727014,-0.43156980088360203,0.0,0.09811102544333077,5188.0,509.0,grimm2015,REVEL,5188
0.38,-0.05496555326186983,-0.45465963638172463,0.0,0.09811102544333077,5188.0,509.0,grimm2015,REVEL,5188
0.39,-0.05630901070566377,-0.47850651566667096,0.0,0.09811102544333077,5188.0,509.0,grimm2015,REVEL,5188
0.4,-0.05660498586481625,-0.5031482909277822,0.0,0.09811102544333077,5188.0,509.0,grimm2015,REVEL,5188
0.41000000000000003,-0.05821779072958458,-0.5286253806045242,0.0,0.09811102544333077,5188.0,509.0,grimm2015,REVEL,5188
0.42000000000000004,-0.05945417807672881,-0.5549809906149471,0.0,0.09811102544333077,5188.0,509.0,grimm2015,REVEL,5188
0.43,-0.060710276075694236,-0.5822613588713496,0.0,0.09811102544333077,5188.0,509.0,grimm2015,REVEL,5188
0.44,-0.06330543011344861,-0.6105160259940523,0.0,0.09811102544333077,5188.0,509.0,grimm2015,REVEL,5188
0.45,-0.06467722716758953,-0.6397981355575805,0.0,0.09811102544333077,5188.0,509.0,grimm2015,REVEL,5188
0.46,-0.06680659070790142,-0.6701647676975357,0.0,0.09811102544333077,5188.0,509.0,grimm2015,REVEL,5188
0.47000000000000003,-0.06639050930303603,-0.7016773104842817,0.0,0.09811102544333077,5188.0,509.0,grimm2015,REVEL,5188
0.48000000000000004,-0.06786370915129589,-0.734401874147441,0.0,0.09811102544333077,5188.0,509.0,grimm2015,REVEL,5188
0.49,-0.06944381453429482,-0.7684097540326847,0.0,0.09811102544333077,5188.0,509.0,grimm2015,REVEL,5188
0.5,-0.07074016962220508,-0.8037779491133386,0.0,0.09811102544333077,5188.0,509.0,grimm2015,REVEL,5188
0.51,-0.0729037181564993,-0.8405897439932026,0.0,0.09811102544333077,5188.0,509.0,grimm2015,REVEL,5188
0.52,-0.0738242097147263,-0.8789353636597278,0.0,0.09811102544333077,5188.0,509.0,grimm2015,REVEL,5188
0.53,-0.07482078118079367,-0.9189127118227008,0.0,0.09811102544333077,5188.0,509.0,grimm2015,REVEL,5188
0.54,-0.0767322583889243,-0.9606282055579768,0.0,0.09811102544333077,5188.0,509.0,grimm2015,REVEL,5188
0.55,-0.07688683286216057,-1.004197721237043,0.0,0.09811102544333077,5188.0,509.0,grimm2015,REVEL,5188
0.56,-0.07762669096516438,-1.0497476694469756,0.0,0.09811102544333077,5188.0,509.0,grimm2015,REVEL,5188
0.5700000000000001,-0.07814096932097328,-1.097416219899231,0.0,0.09811102544333077,5188.0,509.0,grimm2015,REVEL,5188
0.5800000000000001,-0.07778022542864488,-1.1473547013254033,0.0,0.09811102544333077,5188.0,509.0,grimm2015,REVEL,5188
0.59,-0.07915546194783457,-1.1997292062357783,0.0,0.09811102544333077,5188.0,509.0,grimm2015,REVEL,5188
0.6,-0.07816114109483421,-1.254722436391673,0.0,0.09811102544333077,5188.0,509.0,grimm2015,REVEL,5188
0.61,-0.0779214360555918,-1.3125358321965879,0.0,0.09811102544333077,5188.0,509.0,grimm2015,REVEL,5188
0.62,-0.07946475672604796,-1.3733920383070242,0.0,0.09811102544333077,5188.0,509.0,grimm2015,REVEL,5188
0.63,-0.08002875659005189,-1.437537769072079,0.0,0.09811102544333077,5188.0,509.0,grimm2015,REVEL,5188
0.64,-0.08129872355007282,-1.5052471515463035,0.0,0.09811102544333077,5188.0,509.0,grimm2015,REVEL,5188
0.65,-0.08114880493446415,-1.5768256415904838,0.0,0.09811102544333077,5188.0,509.0,grimm2015,REVEL,5188
0.66,-0.07928931017279697,-1.6526146310490273,0.0,0.09811102544333077,5188.0,509.0,grimm2015,REVEL,5188
0.67,-0.08023761127076472,-1.7329968925959678,0.0,0.09811102544333077,5188.0,509.0,grimm2015,REVEL,5188
0.68,-0.08066692367000772,-1.8184030454895919,0.0,0.09811102544333077,5188.0,509.0,grimm2015,REVEL,5188
0.6900000000000001,-0.08114880493446418,-1.9093192727634496,0.0,0.09811102544333077,5188.0,509.0,grimm2015,REVEL,5188
0.7000000000000001,-0.07883577486507326,-2.0062965818555645,0.0,0.09811102544333077,5188.0,509.0,grimm2015,REVEL,5188
0.7100000000000001,-0.0800055831760296,-2.109961981229895,0.0,0.09811102544333077,5188.0,509.0,grimm2015,REVEL,5188
0.72,-0.0799922898997687,-2.221032051988104,0.0,0.09811102544333077,5188.0,509.0,grimm2015,REVEL,5188
0.73,-0.0796139238698992,-2.340329535395071,0.0,0.09811102544333077,5188.0,509.0,grimm2015,REVEL,5188
0.74,-0.07813890042109008,-2.4688037482948815,0.0,0.09811102544333077,5188.0,509.0,grimm2015,REVEL,5188
0.75,-0.07922127987663839,-2.607555898226677,0.0,0.09811102544333077,5188.0,509.0,grimm2015,REVEL,5188
0.76,-0.08044204574659472,-2.7578707273194554,0.0,0.09811102544333077,5188.0,509.0,grimm2015,REVEL,5188
0.77,-0.08095605242868158,-2.9212564111159534,0.0,0.09811102544333077,5188.0,509.0,grimm2015,REVEL,5188
0.78,-0.08093852947361044,-3.0994953388939517,0.0,0.09811102544333077,5188.0,509.0,grimm2015,REVEL,5188
0.79,-0.07843191247200501,-3.2947094026508066,0.0,0.09811102544333077,5188.0,509.0,grimm2015,REVEL,5188
0.8,-0.07825751734772554,-3.509444872783347,0.0,0.09811102544333077,5188.0,509.0,grimm2015,REVEL,5188
0.81,-0.07726332021263649,-3.7467840766140497,0.0,0.09811102544333077,5188.0,509.0,grimm2015,REVEL,5188
0.8200000000000001,-0.07793626317142126,-4.010494303092609,0.0,0.09811102544333077,5188.0,509.0,grimm2015,REVEL,5188
0.8300000000000001,-0.07985622930745162,-4.305229262098057,0.0,0.09811102544333077,5188.0,509.0,grimm2015,REVEL,5188
0.8400000000000001,-0.0733423284502699,-4.636806090979187,0.0,0.09811102544333077,5188.0,509.0,grimm2015,REVEL,5188
0.85,-0.06996915959907479,-5.012593163711128,0.0,0.09811102544333077,5188.0,509.0,grimm2015,REVEL,5188
0.86,-0.07390681793149026,-5.442064103976209,0.0,0.09811102544333077,5188.0,509.0,grimm2015,REVEL,5188
0.87,-0.07076982385386395,-5.937607496589763,0.0,0.09811102544333077,5188.0,509.0,grimm2015,REVEL,5188
0.88,-0.07003341043433566,-6.515741454638912,0.0,0.09811102544333077,5188.0,509.0,grimm2015,REVEL,5188
0.89,-0.06884769047452163,-7.198990677787903,0.0,0.09811102544333077,5188.0,509.0,grimm2015,REVEL,5188
0.9,-0.07035466461063995,-8.018889745566694,0.0,0.09811102544333077,5188.0,509.0,grimm2015,REVEL,5188
0.91,-0.06999057654416176,-9.020988606185217,0.0,0.09811102544333077,5188.0,509.0,grimm2015,REVEL,5188
0.92,-0.05348882035466465,-10.273612181958372,0.0,0.09811102544333077,5188.0,509.0,grimm2015,REVEL,5188
0.93,-0.04237801519991191,-11.884128207952427,0.0,0.09811102544333077,5188.0,509.0,grimm2015,REVEL,5188
0.9400000000000001,-0.038100745309689064,-14.031482909277836,0.0,0.09811102544333077,5188.0,509.0,grimm2015,REVEL,5188
0.9500000000000001,-0.03199691595990752,-17.03777949113341,0.0,0.09811102544333077,5188.0,509.0,grimm2015,REVEL,5188
0.9600000000000001,-0.02737085582112573,-21.547224363916772,0.0,0.09811102544333077,5188.0,509.0,grimm2015,REVEL,5188
0.97,-0.024929324081213036,-29.062965818555618,0.0,0.09811102544333077,5188.0,509.0,grimm2015,REVEL,5188
0.98,-0.01888974556669235,-44.094448727833424,0.0,0.09811102544333077,5188.0,509.0,grimm2015,REVEL,5188
0.99,0.0,-89.18889745566685,0.0,0.09811102544333077,5188.0,509.0,grimm2015,REVEL,5188
0.01,0.015204500898349252,0.013381309518648573,0.0,0.023247496423462088,8388.0,195.0,dvd,AGVarPred,8388
0.02,0.007917043784609694,0.0033137718606756003,0.0,0.023247496423462088,8388.0,195.0,dvd,AGVarPred,8388
0.03,3.318437237290195e-05,-0.006961343893338055,0.0,0.023247496423462088,8388.0,195.0,dvd,AGVarPred,8388
0.04,-0.005349904625655703,-0.01745052455889366,0.0,0.023247496423462088,8388.0,195.0,dvd,AGVarPred,8388
0.05,-0.00342594684135231,-0.028160530080566227,0.0,0.023247496423462088,8388.0,195.0,dvd,AGVarPred,8388
0.060000000000000005,-0.007234245477328306,-0.03909840806014672,0.0,0.023247496423462088,8388.0,195.0,dvd,AGVarPred,8388
0.06999999999999999,-0.012666584624219948,-0.05027150922208376,0.0,0.023247496423462088,8388.0,195.0,dvd,AGVarPred,8388
0.08,-0.018224793182807737,-0.0616875038875412,0.0,0.023247496423462088,8388.0,195.0,dvd,AGVarPred,8388
0.09,-0.016276522714290954,-0.07335439953465703,0.0,0.023247496423462088,8388.0,195.0,dvd,AGVarPred,8388
0.09999999999999999,-0.019816669315954008,-0.08528055952948656,0.0,0.023247496423462088,8388.0,195.0,dvd,AGVarPred,8388
0.11,-0.024641944350677535,-0.09747472311970551,0.0,0.023247496423462088,8388.0,195.0,dvd,AGVarPred,8388
0.12,-0.029576884727099323,-0.10994602679152034,0.0,0.023247496423462088,8388.0,195.0,dvd,AGVarPred,8388
0.13,-0.02806417487488969,-0.12270402709946886,0.0,0.023247496423462088,8388.0,195.0,dvd,AGVarPred,8388
0.14,-0.03263244280311853,-0.13575872508899758,0.0,0.023247496423462088,8388.0,195.0,dvd,AGVarPred,8388
0.15000000000000002,-0.03730819938848216,-0.1491205924429858,0.0,0.023247496423462088,8388.0,195.0,dvd,AGVarPred,8388
0.16,-0.042072575334377915,-0.1628005994958785,0.0,0.023247496423462088,8388.0,195.0,dvd,AGVarPred,8388
0.17,-0.03852462783896675,-0.17681024527293726,0.0,0.023247496423462088,8388.0,195.0,dvd,AGVarPred,8388
0.18000000000000002,-0.042938809216418364,-0.1911615897274853,0.0,0.023247496423462088,8388.0,195.0,dvd,AGVarPred,8388
0.19,-0.046986582831440554,-0.20586728836609616,0.0,0.023247496423462088,8388.0,195.0,dvd,AGVarPred,8388
0.2,-0.051591559370529325,-0.2209406294706724,0.0,0.023247496423462088,8388.0,195.0,dvd,AGVarPred,8388
0.21000000000000002,-0.05631311759415199,-0.23639557414751639,0.0,0.023247496423462088,8388.0,195.0,dvd,AGVarPred,8388
0.22,-0.06115574141325214,-0.2522467994570999,0.0,0.023247496423462088,8388.0,195.0,dvd,AGVarPred,8388
0.23,-0.06612414766921204,-0.26850974490459467,0.0,0.023247496423462088,8388.0,195.0,dvd,AGVarPred,8388
0.24000000000000002,-0.07122330145822353,-0.2852006626007078,0.0,0.023247496423462088,8388.0,195.0,dvd,AGVarPred,8388
0.25,-0.07645843268160864,-0.30233667143538384,0.0,0.023247496423462088,8388.0,195.0,dvd,AGVarPred,8388
0.26,-0.08183505393805823,-0.31993581564397017,0.0,0.023247496423462088,8388.0,195.0,dvd,AGVarPred,8388
0.27,-0.08735897988646533,-0.3380171281870383,0.0,0.023247496423462088,8388.0,195.0,dvd,AGVarPred,8388
0.28,-0.09099639696921531,-0.3566006994118583,0.0,0.023247496423462088,8388.0,195.0,dvd,AGVarPred,8388
0.29000000000000004,-0.09673107793158574,-0.37570775151625063,0.0,0.023247496423462088,8388.0,195.0,dvd,AGVarPred,8388
0.3,-0.10262960692145243,-0.3953607193950542,0.0,0.023247496423462088,8388.0,195.0,dvd,AGVarPred,8388
0.31,-0.09295197417981522,-0.41558333851672163,0.0,0.023247496423462088,8388.0,195.0,dvd,AGVarPred,8388
0.32,-0.09845297203287612,-0.43640074055373224,0.0,0.023247496423462088,8388.0,195.0,dvd,AGVarPred,8388
0.33,-0.10405945949793241,-0.45783955757692235,0.0,0.023247496423462088,8388.0,195.0,dvd,AGVarPred,8388
0.34,-0.10989364315544578,-0.4799280357220272,0.0,0.023247496423462088,8388.0,195.0,dvd,AGVarPred,8388
0.35000000000000003,-0.11590734015626725,-0.5026961593485199,0.0,0.023247496423462088,8388.0,195.0,dvd,AGVarPred,8388
0.36000000000000004,-0.12210896518836437,-0.5261757868383405,0.0,0.023247496423462088,8388.0,195.0,dvd,AGVarPred,8388
0.37,-0.12850746720560743,-0.5504007993278379,0.0,0.023247496423462088,8388.0,195.0,dvd,AGVarPred,8388
0.38,-0.1245635085452336,-0.5754072638331256,0.0,0.023247496423462088,8388.0,195.0,dvd,AGVarPred,8388
0.39,-0.13092474026126316,-0.601233612420554,0.0,0.023247496423462088,8388.0,195.0,dvd,AGVarPred,8388
0.4,-0.13749801303449374,-0.6279208392942298,0.0,0.023247496423462088,8388.0,195.0,dvd,AGVarPred,8388
0.41000000000000003,-0.14421126225519912,-0.6555127179263354,0.0,0.023247496423462088,8388.0,195.0,dvd,AGVarPred,8388
0.42000000000000004,-0.14536776676039664,-0.6840560406492033,0.0,0.023247496423462088,8388.0,195.0,dvd,AGVarPred,8388
0.43,-0.1523960712463084,-0.7136008834676102,0.0,0.023247496423462088,8388.0,195.0,dvd,AGVarPred,8388
0.44,-0.15967538660671707,-0.7442008992438176,0.0,0.023247496423462088,8388.0,195.0,dvd,AGVarPred,8388
0.45,-0.16721940434386784,-0.7759136428664324,0.0,0.023247496423462088,8388.0,195.0,dvd,AGVarPred,8388
0.46,-0.17504283014535757,-0.8088009325491442,0.0,0.023247496423462088,8388.0,195.0,dvd,AGVarPred,8388
0.47000000000000003,-0.1646602064044772,-0.8429292520312035,0.0,0.023247496423462088,8388.0,195.0,dvd,AGVarPred,8388
0.48000000000000004,-0.17233410366457577,-0.8783701991856498,0.0,0.023247496423462088,8388.0,195.0,dvd,AGVarPred,8388
0.49,-0.18030893807212917,-0.9152009874049761,0.0,0.023247496423462088,8388.0,195.0,dvd,AGVarPred,8388
0.5,-0.18860276585598473,-0.9535050071530757,0.0,0.023247496423462088,8388.0,195.0,dvd,AGVarPred,8388
0.51,-0.17551555672340466,-0.9933724562786488,0.0,0.023247496423462088,8388.0,195.0,dvd,AGVarPred,8388
0.52,-0.18361548243522494,-1.0349010491177875,0.0,0.023247496423462088,8388.0,195.0,dvd,AGVarPred,8388
0.53,-0.1920600858369099,-1.0781968161202935,0.0,0.023247496423462088,8388.0,195.0,dvd,AGVarPred,8388
0.54,-0.2008718459082333,-1.1233750077750824,0.0,0.023247496423462088,8388.0,195.0,dvd,AGVarPred,8388
0.55,-0.21007523976050446,-1.1705611190589733,0.0,0.023247496423462088,8388.0,195.0,dvd,AGVarPred,8388
0.56,-0.21969696969696972,-1.2198920535830409,0.0,0.023247496423462088,8388.0,195.0,dvd,AGVarPred,8388
0.5700000000000001,-0.21534639740049466,-1.2715174501779953,0.0,0.023247496423462088,8388.0,195.0,dvd,AGVarPred,8388
0.5800000000000001,-0.2252878261461953,-1.3256011989917573,0.0,0.023247496423462088,8388.0,195.0,dvd,AGVarPred,8388
0.59,-0.2357142026355885,-1.3823231794549702,0.0,0.023247496423462088,8388.0,195.0,dvd,AGVarPred,8388
0.6,-0.24666189794945154,-1.4418812589413446,0.0,0.023247496423462088,8388.0,195.0,dvd,AGVarPred,8388
0.61,-0.2581710135358204,-1.5044935989141996,0.0,0.023247496423462088,8388.0,195.0,dvd,AGVarPred,8388
0.62,-0.27028587204778753,-1.5704013252014155,0.0,0.023247496423462088,8388.0,195.0,dvd,AGVarPred,8388
0.63,-0.23802665326270472,-1.63987163128794,0.0,0.023247496423462088,8388.0,195.0,dvd,AGVarPred,8388
0.64,-0.21150585492502516,-1.7132013988237165,0.0,0.023247496423462088,8388.0,195.0,dvd,AGVarPred,8388
0.65,-0.2219326929627359,-1.7907214387901085,0.0,0.023247496423462088,8388.0,195.0,dvd,AGVarPred,8388
0.66,-0.23297287441442957,-1.8728014811074645,0.0,0.023247496423462088,8388.0,195.0,dvd,AGVarPred,8388
0.67,-0.24468215777228655,-1.9598560714440545,0.0,0.023247496423462088,8388.0,195.0,dvd,AGVarPred,8388
0.68,-0.25712327134000956,-2.0523515736766815,0.0,0.023247496423462088,8388.0,195.0,dvd,AGVarPred,8388
0.6900000000000001,-0.22396818804128793,-2.150814527666252,0.0,0.023247496423462088,8388.0,195.0,dvd,AGVarPred,8388
0.7000000000000001,-0.23581306628516935,-2.2558416785884603,0.0,0.023247496423462088,8388.0,195.0,dvd,AGVarPred,8388
0.7100000000000001,-0.24847483268380127,-2.3681120812984076,0.0,0.023247496423462088,8388.0,195.0,dvd,AGVarPred,8388
0.72,-0.26204101096804955,-2.488401798487635,0.0,0.023247496423462088,8388.0,195.0,dvd,AGVarPred,8388
0.73,-0.2766120913474275,-2.617601865098288,0.0,0.023247496423462088,8388.0,195.0,dvd,AGVarPred,8388
0.74,-0.29230402406368067,-2.7567403983712992,0.0,0.023247496423462088,8388.0,195.0,dvd,AGVarPred,8388
0.75,-0.268001907486886,-2.9070100143061515,0.0,0.023247496423462088,8388.0,195.0,dvd,AGVarPred,8388
0.76,-0.2832816722301701,-3.069802098235575,0.0,0.023247496423462088,8388.0,195.0,dvd,AGVarPred,8388
0.77,-0.3002684995127615,-3.246750015550165,0.0,0.023247496423462088,8388.0,195.0,dvd,AGVarPred,8388
0.78,-0.31921142758052634,-3.4397841071660817,0.0,0.023247496423462088,8388.0,195.0,dvd,AGVarPred,8388
0.79,-0.3399584440356973,-3.6512023979835146,0.0,0.023247496423462088,8388.0,195.0,dvd,AGVarPred,8388
0.8,-0.3627801621363854,-3.8837625178826904,0.0,0.023247496423462088,8388.0,195.0,dvd,AGVarPred,8388
0.81,-0.3880041663529354,-4.140802650402832,0.0,0.023247496423462088,8388.0,195.0,dvd,AGVarPred,8388
0.8200000000000001,-0.4160308377046576,-4.426402797647435,0.0,0.023247496423462088,8388.0,195.0,dvd,AGVarPred,8388
0.8300000000000001,-0.24049762966703145,-4.745602962214931,0.0,0.023247496423462088,8388.0,195.0,dvd,AGVarPred,8388
0.8400000000000001,-0.20204458750596102,-5.104703147353366,0.0,0.023247496423462088,8388.0,195.0,dvd,AGVarPred,8388
0.85,-0.168137021141313,-5.511683357176919,0.0,0.023247496423462088,8388.0,195.0,dvd,AGVarPred,8388
0.86,-0.1839192043054704,-5.97680359697527,0.0,0.023247496423462088,8388.0,195.0,dvd,AGVarPred,8388
0.87,-0.19574667106855945,-6.5134807967425985,0.0,0.023247496423462088,8388.0,195.0,dvd,AGVarPred,8388
0.88,-0.21638054363376252,-7.13960419647115,0.0,0.023247496423462088,8388.0,195.0,dvd,AGVarPred,8388
0.89,-0.13236441669918064,-7.8795682143321635,0.0,0.023247496423462088,8388.0,195.0,dvd,AGVarPred,8388
0.9,-0.14938006676204102,-8.767525035765381,0.0,0.023247496423462088,8388.0,195.0,dvd,AGVarPred,8388
0.91,-0.14630689344566317,-9.852805595294868,0.0,0.023247496423462088,8388.0,195.0,dvd,AGVarPred,8388
0.92,-0.168991416309013,-11.20940629470673,0.0,0.023247496423462088,8388.0,195.0,dvd,AGVarPred,8388
0.93,-0.19815723141903413,-12.95360719395055,0.0,0.023247496423462088,8388.0,195.0,dvd,AGVarPred,8388
0.9400000000000001,-0.08170402161818481,-15.279208392942314,0.0,0.023247496423462088,8388.0,195.0,dvd,AGVarPred,8388
0.9500000000000001,-0.024678111587982894,-18.535050071530787,0.0,0.023247496423462088,8388.0,195.0,dvd,AGVarPred,8388
0.9600000000000001,-0.03540772532188851,-23.41881258941349,0.0,0.023247496423462088,8388.0,195.0,dvd,AGVarPred,8388
0.97,-0.02749960260689871,-31.55841678588457,0.0,0.023247496423462088,8388.0,195.0,dvd,AGVarPred,8388
0.98,-0.049594659036719065,-47.83762517882685,0.0,0.023247496423462088,8388.0,195.0,dvd,AGVarPred,8388
0.99,-0.06855030996661891,-96.6752503576537,0.0,0.023247496423462088,8388.0,195.0,dvd,AGVarPred,8388
0.01,0.01815356360810906,0.01815356360810906,0.0,0.027972027972027972,143.0,4.0,dvd,AlphaMissense,143
0.02,0.008134722420436707,0.008134722420436707,0.0,0.027972027972027972,143.0,4.0,dvd,AlphaMissense,143
0.03,-0.0020906928123422958,-0.0020906928123422958,0.0,0.027972027972027972,143.0,4.0,dvd,AlphaMissense,143
0.04,-0.012529137529137532,-0.012529137529137532,0.0,0.027972027972027972,143.0,4.0,dvd,AlphaMissense,143
0.05,-0.022819285977180716,-0.023187338976812664,0.0,0.027972027972027972,143.0,4.0,dvd,AlphaMissense,143
0.060000000000000005,-0.03139413777711651,-0.034072310668055356,0.0,0.027972027972027972,143.0,4.0,dvd,AlphaMissense,143
0.06999999999999999,-0.03729603729603728,-0.04519136777201292,0.0,0.027972027972027972,143.0,4.0,dvd,AlphaMissense,143
0.08,-0.02493159014898146,-0.05655214350866525,0.0,0.027972027972027972,143.0,4.0,dvd,AlphaMissense,143
0.09,-0.018366249135479903,-0.06816260662414508,0.0,0.027972027972027972,143.0,4.0,dvd,AlphaMissense,143
0.09999999999999999,-0.018648018648018645,-0.08003108003108002,0.0,0.027972027972027972,143.0,4.0,dvd,AlphaMissense,143
0.11,-0.016971792252691128,-0.09216626070558655,0.0,0.027972027972027972,143.0,4.0,dvd,AlphaMissense,143
0.12,-0.015893197711379526,-0.10457724094087728,0.0,0.027972027972027972,143.0,4.0,dvd,AlphaMissense,143
0.13,-0.01069045896632104,-0.11727353106663452,0.0,0.027972027972027972,143.0,4.0,dvd,AlphaMissense,143
0.14,-0.009595056106684017,-0.13026508375345586,0.0,0.027972027972027972,143.0,4.0,dvd,AlphaMissense,143
0.15000000000000002,-0.0065816536404771815,-0.1435623200329083,0.0,0.027972027972027972,143.0,4.0,dvd,AlphaMissense,143
0.16,-0.009324009324009331,-0.15717615717615718,0.0,0.027972027972027972,143.0,4.0,dvd,AlphaMissense,143
0.17,-0.007835537956019888,-0.17111803858791813,0.0,0.027972027972027972,143.0,4.0,dvd,AlphaMissense,143
0.18000000000000002,-0.010404229916425044,-0.18539996588777077,0.0,0.027972027972027972,143.0,4.0,dvd,AlphaMissense,143
0.19,-0.013036346369679697,-0.20003453336786667,0.0,0.027972027972027972,143.0,4.0,dvd,AlphaMissense,143
0.2,-0.010489510489510492,-0.21503496503496503,0.0,0.027972027972027972,143.0,4.0,dvd,AlphaMissense,143
0.21000000000000002,-0.011064884482606004,-0.23041515446578742,0.0,0.027972027972027972,143.0,4.0,dvd,AlphaMissense,143
0.22,-0.005558544020082479,-0.24618970772816923,0.0,0.027972027972027972,143.0,4.0,dvd,AlphaMissense,143
0.23,-0.0054490963581872685,-0.2623739896467169,0.0,0.027972027972027972,143.0,4.0,dvd,AlphaMissense,143
0.24000000000000002,-0.005152741994847259,-0.27898417372101586,0.0,0.027972027972027972,143.0,4.0,dvd,AlphaMissense,143
0.25,-0.00466200466200466,-0.296037296037296,0.0,0.027972027972027972,143.0,4.0,dvd,AlphaMissense,143
0.26,-0.0039690039690039695,-0.31355131355131355,0.0,0.027972027972027972,143.0,4.0,dvd,AlphaMissense,143
0.27,-0.005651882364211134,-0.33154516716160554,0.0,0.027972027972027972,143.0,4.0,dvd,AlphaMissense,143
0.28,0.0007770007770007692,-0.3500388500388501,0.0,0.027972027972027972,143.0,4.0,dvd,AlphaMissense,143
0.29000000000000004,-0.0005909583374372161,-0.3690534817295381,0.0,0.027972027972027972,143.0,4.0,dvd,AlphaMissense,143
0.3,-0.001998001998002003,-0.3886113886113886,0.0,0.027972027972027972,143.0,4.0,dvd,AlphaMissense,143
0.31,-0.0034458295327860593,-0.40873619134488703,0.0,0.027972027972027972,143.0,4.0,dvd,AlphaMissense,143
0.32,-0.0049362402303578835,-0.42945290004113534,0.0,0.027972027972027972,143.0,4.0,dvd,AlphaMissense,143
0.33,0.00041749295480638174,-0.45078801795219714,0.0,0.027972027972027972,143.0,4.0,dvd,AlphaMissense,143
0.34,-0.0006357279084551852,-0.47276965458783643,0.0,0.027972027972027972,143.0,4.0,dvd,AlphaMissense,143
0.35000000000000003,-0.0016137708445400772,-0.4954276492738032,0.0,0.027972027972027972,143.0,4.0,dvd,AlphaMissense,143
0.36000000000000004,-0.0026223776223776273,-0.5187937062937064,0.0,0.027972027972027972,143.0,4.0,dvd,AlphaMissense,143
0.37,-0.003663003663003664,-0.5429015429015428,0.0,0.027972027972027972,143.0,4.0,dvd,AlphaMissense,143
0.38,-0.004737198285585383,-0.5677870516580193,0.0,0.027972027972027972,143.0,4.0,dvd,AlphaMissense,143
0.39,-0.005846612403989454,-0.5934884787343804,0.0,0.027972027972027972,143.0,4.0,dvd,AlphaMissense,143
0.4,-0.006993006993006996,-0.62004662004662,0.0,0.027972027972027972,143.0,4.0,dvd,AlphaMissense,143
0.41000000000000003,-0.008178262415550554,-0.6475050373355458,0.0,0.027972027972027972,143.0,4.0,dvd,AlphaMissense,143
0.42000000000000004,-0.009404388714733546,-0.6759102965999518,0.0,0.027972027972027972,143.0,4.0,dvd,AlphaMissense,143
0.43,-0.010673536989326462,-0.7053122316280209,0.0,0.027972027972027972,143.0,4.0,dvd,AlphaMissense,143
0.44,-0.011988011988011988,-0.7357642357642357,0.0,0.027972027972027972,143.0,4.0,dvd,AlphaMissense,143
0.45,-0.013350286077558806,-0.7673235855054036,0.0,0.027972027972027972,143.0,4.0,dvd,AlphaMissense,143
0.46,-0.02175602175602176,-0.8000518000518,0.0,0.027972027972027972,143.0,4.0,dvd,AlphaMissense,143
0.47000000000000003,-0.010819369309935349,-0.8340150415622113,0.0,0.027972027972027972,143.0,4.0,dvd,AlphaMissense,143
0.48000000000000004,-0.011834319526627219,-0.8692845615922539,0.0,0.027972027972027972,143.0,4.0,dvd,AlphaMissense,143
0.49,-0.01288907171260112,-0.9059372000548469,0.0,0.027972027972027972,143.0,4.0,dvd,AlphaMissense,143
0.5,-0.013986013986013986,-0.944055944055944,0.0,0.027972027972027972,143.0,4.0,dvd,AlphaMissense,143
0.51,-0.0151277294134437,-0.9837305551591266,0.0,0.027972027972027972,143.0,4.0,dvd,AlphaMissense,143
0.52,-0.01631701631701632,-1.0250582750582753,0.0,0.027972027972027972,143.0,4.0,dvd,AlphaMissense,143
0.53,-0.01755691117393246,-1.0681446213361108,0.0,0.027972027972027972,143.0,4.0,dvd,AlphaMissense,143
0.54,-0.018850714502888423,-1.1131042870173307,0.0,0.027972027972027972,143.0,4.0,dvd,AlphaMissense,143
0.55,-0.020202020202020214,-1.1600621600621603,0.0,0.027972027972027972,143.0,4.0,dvd,AlphaMissense,143
0.56,-0.021614748887476165,-1.2091544818817548,0.0,0.027972027972027972,143.0,4.0,dvd,AlphaMissense,143
0.5700000000000001,-0.023093185883883573,-1.260530167506912,0.0,0.027972027972027972,143.0,4.0,dvd,AlphaMissense,143
0.5800000000000001,-0.024642024642024654,-1.3143523143523148,0.0,0.027972027972027972,143.0,4.0,dvd,AlphaMissense,143
0.59,-0.02626641651031894,-1.3707999317755413,0.0,0.027972027972027972,143.0,4.0,dvd,AlphaMissense,143
0.6,-0.02797202797202797,-1.4300699300699298,0.0,0.027972027972027972,143.0,4.0,dvd,AlphaMissense,143
0.61,-0.029765106688183614,-1.4923794154563386,0.0,0.027972027972027972,143.0,4.0,dvd,AlphaMissense,143
0.62,-0.03165255796834744,-1.5579683474420316,0.0,0.027972027972027972,143.0,4.0,dvd,AlphaMissense,143
0.63,-0.021735021735021738,-1.627102627102627,0.0,0.027972027972027972,143.0,4.0,dvd,AlphaMissense,143
0.64,-0.02331002331002332,-1.7000777000777,0.0,0.027972027972027972,143.0,4.0,dvd,AlphaMissense,143
0.65,-0.024975024975024983,-1.7772227772227775,0.0,0.027972027972027972,143.0,4.0,dvd,AlphaMissense,143
0.66,-0.026737967914438512,-1.858905800082271,0.0,0.027972027972027972,143.0,4.0,dvd,AlphaMissense,143
0.67,-0.028607755880483164,-1.9455393091756732,0.0,0.027972027972027972,143.0,4.0,dvd,AlphaMissense,143
0.68,-0.030594405594405606,-2.037587412587413,0.0,0.027972027972027972,143.0,4.0,dvd,AlphaMissense,143
0.6900000000000001,-0.03270922625761337,-2.1355741033160394,0.0,0.027972027972027972,143.0,4.0,dvd,AlphaMissense,143
0.7000000000000001,-0.03496503496503498,-2.2400932400932407,0.0,0.027972027972027972,143.0,4.0,dvd,AlphaMissense,143
0.7100000000000001,-0.03737641668676154,-2.3518205931999048,0.0,0.027972027972027972,143.0,4.0,dvd,AlphaMissense,143
0.72,-0.03996003996003996,-2.471528471528471,0.0,0.027972027972027972,143.0,4.0,dvd,AlphaMissense,143
0.73,-0.04273504273504273,-2.6001036001035995,0.0,0.027972027972027972,143.0,4.0,dvd,AlphaMissense,143
0.74,-0.0258203335126412,-2.7385691231845075,0.0,0.027972027972027972,143.0,4.0,dvd,AlphaMissense,143
0.75,-0.027972027972027975,-2.888111888111888,0.0,0.027972027972027972,143.0,4.0,dvd,AlphaMissense,143
0.76,-0.03030303030303031,-3.05011655011655,0.0,0.027972027972027972,143.0,4.0,dvd,AlphaMissense,143
0.77,-0.03283672848890241,-3.226208574034661,0.0,0.027972027972027972,143.0,4.0,dvd,AlphaMissense,143
0.78,-0.010807374443738084,-3.4183089637635096,0.0,0.027972027972027972,143.0,4.0,dvd,AlphaMissense,143
0.79,-0.012321012321012325,-3.628704628704629,0.0,0.027972027972027972,143.0,4.0,dvd,AlphaMissense,143
0.8,-0.013986013986013993,-3.860139860139861,0.0,0.027972027972027972,143.0,4.0,dvd,AlphaMissense,143
0.81,-0.015826278984173728,-4.115936694884064,0.0,0.027972027972027972,143.0,4.0,dvd,AlphaMissense,143
0.8200000000000001,0.013986013986013986,-4.400155400155401,0.0,0.027972027972027972,143.0,4.0,dvd,AlphaMissense,143
0.8300000000000001,0.013986013986013986,-4.717811600164543,0.0,0.027972027972027972,143.0,4.0,dvd,AlphaMissense,143
0.8400000000000001,0.013986013986013986,-5.075174825174828,0.0,0.027972027972027972,143.0,4.0,dvd,AlphaMissense,143
0.85,0.013986013986013986,-5.480186480186479,0.0,0.027972027972027972,143.0,4.0,dvd,AlphaMissense,143
0.86,0.013986013986013986,-5.943056943056942,0.0,0.027972027972027972,143.0,4.0,dvd,AlphaMissense,143
0.87,0.013986013986013986,-6.477138246369014,0.0,0.027972027972027972,143.0,4.0,dvd,AlphaMissense,143
0.88,0.013986013986013986,-7.1002331002331,0.0,0.027972027972027972,143.0,4.0,dvd,AlphaMissense,143
0.89,0.013986013986013986,-7.836617927527018,0.0,0.027972027972027972,143.0,4.0,dvd,AlphaMissense,143
0.9,0.013986013986013986,-8.720279720279722,0.0,0.027972027972027972,143.0,4.0,dvd,AlphaMissense,143
0.91,0.013986013986013986,-9.800310800310802,0.0,0.027972027972027972,143.0,4.0,dvd,AlphaMissense,143
0.92,0.013986013986013986,-11.150349650349657,0.0,0.027972027972027972,143.0,4.0,dvd,AlphaMissense,143
0.93,0.013986013986013986,-12.886113886113895,0.0,0.027972027972027972,143.0,4.0,dvd,AlphaMissense,143
0.9400000000000001,0.013986013986013986,-15.200466200466215,0.0,0.027972027972027972,143.0,4.0,dvd,AlphaMissense,143
0.9500000000000001,0.013986013986013986,-18.44055944055947,0.0,0.027972027972027972,143.0,4.0,dvd,AlphaMissense,143
0.9600000000000001,0.013986013986013986,-23.300699300699346,0.0,0.027972027972027972,143.0,4.0,dvd,AlphaMissense,143
0.97,0.013986013986013986,-31.400932400932376,0.0,0.027972027972027972,143.0,4.0,dvd,AlphaMissense,143
0.98,0.006993006993006993,-47.60139860139856,0.0,0.027972027972027972,143.0,4.0,dvd,AlphaMissense,143
0.99,0.006993006993006993,-96.20279720279711,0.0,0.027972027972027972,143.0,4.0,dvd,AlphaMissense,143
0.01,0.06456376631815228,0.06432748538011696,0.0,0.07368421052631578,855.0,63.0,dvd,REVEL,855
0.02,0.05606874328678839,0.054779806659505895,0.0,0.07368421052631578,855.0,63.0,dvd,REVEL,855
0.03,0.048688732139627405,0.0450352685838307,0.0,0.07368421052631578,855.0,63.0,dvd,REVEL,855
0.04,0.04205653021442494,0.035087719298245605,0.0,0.07368421052631578,855.0,63.0,dvd,REVEL,855
0.05,0.034533702677747,0.024930747922437664,0.0,0.07368421052631578,855.0,63.0,dvd,REVEL,855
0.060000000000000005,0.029065571730745296,0.014557670772676355,0.0,0.07368421052631578,855.0,63.0,dvd,REVEL,855
0.06999999999999999,0.0234798465698296,0.003961516694963224,0.0,0.07368421052631578,855.0,63.0,dvd,REVEL,855
0.08,0.017594711416221716,-0.006864988558352408,0.0,0.07368421052631578,855.0,63.0,dvd,REVEL,855
0.09,0.012595591542959965,-0.01792943898207057,0.0,0.07368421052631578,855.0,63.0,dvd,REVEL,855
0.09999999999999999,0.007407407407407404,-0.029239766081871343,0.0,0.07368421052631578,855.0,63.0,dvd,REVEL,855
0.11,0.003705893948354036,-0.04080425783560024,0.0,0.07368421052631578,855.0,63.0,dvd,REVEL,855
0.12,-0.00021265284423178932,-0.052631578947368404,0.0,0.07368421052631578,855.0,63.0,dvd,REVEL,855
0.13,-0.003858304765745779,-0.06473079249848761,0.0,0.07368421052631578,855.0,63.0,dvd,REVEL,855
0.14,-0.006119951040391675,-0.07711138310893516,0.0,0.07368421052631578,855.0,63.0,dvd,REVEL,855
0.15000000000000002,-0.006948744410044741,-0.08978328173374618,0.0,0.07368421052631578,855.0,63.0,dvd,REVEL,855
0.16,-0.008799777220829863,-0.10275689223057645,0.0,0.07368421052631578,855.0,63.0,dvd,REVEL,855
0.17,-0.009173536250264222,-0.11604311984781233,0.0,0.07368421052631578,855.0,63.0,dvd,REVEL,855
0.18000000000000002,-0.006817857652260742,-0.12965340179717588,0.0,0.07368421052631578,855.0,63.0,dvd,REVEL,855
0.19,-0.00649772579597141,-0.14359974009096815,0.0,0.07368421052631578,855.0,63.0,dvd,REVEL,855
0.2,-0.0029239766081871343,-0.15789473684210525,0.0,0.07368421052631578,855.0,63.0,dvd,REVEL,855
0.21000000000000002,0.0019394477755570322,-0.1725516322451699,0.0,0.07368421052631578,855.0,63.0,dvd,REVEL,855
0.22,0.004558404558404561,-0.18758434547908232,0.0,0.07368421052631578,855.0,63.0,dvd,REVEL,855
0.23,0.009280777701830334,-0.20300751879699247,0.0,0.07368421052631578,855.0,63.0,dvd,REVEL,855
0.24000000000000002,0.01705140043090181,-0.21883656509695293,0.0,0.07368421052631578,855.0,63.0,dvd,REVEL,855
0.25,0.017543859649122813,-0.23508771929824557,0.0,0.07368421052631578,855.0,63.0,dvd,REVEL,855
0.26,0.02162162162162163,-0.25177809388335703,0.0,0.07368421052631578,855.0,63.0,dvd,REVEL,855
0.27,0.02505807898742289,-0.2689257390050469,0.0,0.07368421052631578,855.0,63.0,dvd,REVEL,855
0.28,0.030864197530864196,-0.2865497076023392,0.0,0.07368421052631578,855.0,63.0,dvd,REVEL,855
0.29000000000000004,0.036949180462894325,-0.30467012601927357,0.0,0.07368421052631578,855.0,63.0,dvd,REVEL,855
0.3,0.03709273182957393,-0.32330827067669177,0.0,0.07368421052631578,855.0,63.0,dvd,REVEL,855
0.31,0.03969827951521315,-0.3424866514111366,0.0,0.07368421052631578,855.0,63.0,dvd,REVEL,855
0.32,0.04210526315789473,-0.3622291021671827,0.0,0.07368421052631578,855.0,63.0,dvd,REVEL,855
0.33,0.04653923365628,-0.382560879811469,0.0,0.07368421052631578,855.0,63.0,dvd,REVEL,855
0.34,0.04731525784157363,-0.40350877192982465,0.0,0.07368421052631578,855.0,63.0,dvd,REVEL,855
0.35000000000000003,0.049482681061628425,-0.42510121457489886,0.0,0.07368421052631578,855.0,63.0,dvd,REVEL,855
0.36000000000000004,0.049415204678362565,-0.44736842105263164,0.0,0.07368421052631578,855.0,63.0,dvd,REVEL,855
0.37,0.051554812958321726,-0.47034252297410195,0.0,0.07368421052631578,855.0,63.0,dvd,REVEL,855
0.38,0.052329749103942655,-0.4940577249575552,0.0,0.07368421052631578,855.0,63.0,dvd,REVEL,855
0.39,0.051289425750167775,-0.5185504745470233,0.0,0.07368421052631578,855.0,63.0,dvd,REVEL,855
0.4,0.05224171539961014,-0.543859649122807,0.0,0.07368421052631578,855.0,63.0,dvd,REVEL,855
0.41000000000000003,0.052492813955793444,-0.5700267618198037,0.0,0.07368421052631578,855.0,63.0,dvd,REVEL,855
0.42000000000000004,0.051945956846138334,-0.5970961887477315,0.0,0.07368421052631578,855.0,63.0,dvd,REVEL,855
0.43,0.05285728942238638,-0.6251154201292705,0.0,0.07368421052631578,855.0,63.0,dvd,REVEL,855
0.44,0.052380952380952375,-0.6541353383458647,0.0,0.07368421052631578,855.0,63.0,dvd,REVEL,855
0.45,0.05188729399255715,-0.6842105263157894,0.0,0.07368421052631578,855.0,63.0,dvd,REVEL,855
0.46,0.05319471518301928,-0.7153996101364523,0.0,0.07368421052631578,855.0,63.0,dvd,REVEL,855
0.47000000000000003,0.052786053183272647,-0.7477656405163853,0.0,0.07368421052631578,855.0,63.0,dvd,REVEL,855
0.48000000000000004,0.05452091767881242,-0.7813765182186235,0.0,0.07368421052631578,855.0,63.0,dvd,REVEL,855
0.49,0.05299850934525857,-0.8163054695562435,0.0,0.07368421052631578,855.0,63.0,dvd,REVEL,855
0.5,0.05146198830409357,-0.8526315789473684,0.0,0.07368421052631578,855.0,63.0,dvd,REVEL,855
0.51,0.05234514858575009,-0.8904403866809882,0.0,0.07368421052631578,855.0,63.0,dvd,REVEL,855
0.52,0.05087719298245614,-0.929824561403509,0.0,0.07368421052631578,855.0,63.0,dvd,REVEL,855
0.53,0.05188503172825681,-0.9708846584546473,0.0,0.07368421052631578,855.0,63.0,dvd,REVEL,855
0.54,0.04927536231884058,-1.013729977116705,0.0,0.07368421052631578,855.0,63.0,dvd,REVEL,855
0.55,0.04899285250162443,-1.058479532163743,0.0,0.07368421052631578,855.0,63.0,dvd,REVEL,855
0.56,0.05018607123870282,-1.105263157894737,0.0,0.07368421052631578,855.0,63.0,dvd,REVEL,855
0.5700000000000001,0.049938800489596084,-1.1542227662178706,0.0,0.07368421052631578,855.0,63.0,dvd,REVEL,855
0.5800000000000001,0.05129490392648287,-1.2055137844611532,0.0,0.07368421052631578,855.0,63.0,dvd,REVEL,855
0.59,0.04992155184709742,-1.2593068035943515,0.0,0.07368421052631578,855.0,63.0,dvd,REVEL,855
0.6,0.049707602339181284,-1.3157894736842104,0.0,0.07368421052631578,855.0,63.0,dvd,REVEL,855
0.61,0.04948268106162843,-1.3751686909581646,0.0,0.07368421052631578,855.0,63.0,dvd,REVEL,855
0.62,0.048076331178824254,-1.4376731301939059,0.0,0.07368421052631578,855.0,63.0,dvd,REVEL,855
0.63,0.0498182392919235,-1.503556187766714,0.0,0.07368421052631578,855.0,63.0,dvd,REVEL,855
0.64,0.04964262508122157,-1.5730994152046784,0.0,0.07368421052631578,855.0,63.0,dvd,REVEL,855
0.65,0.04945697577276524,-1.6466165413533838,0.0,0.07368421052631578,855.0,63.0,dvd,REVEL,855
0.66,0.048090815273477805,-1.7244582043343655,0.0,0.07368421052631578,855.0,63.0,dvd,REVEL,855
0.67,0.045543150806308705,-1.8070175438596494,0.0,0.07368421052631578,855.0,63.0,dvd,REVEL,855
0.68,0.04415204678362573,-1.8947368421052635,0.0,0.07368421052631578,855.0,63.0,dvd,REVEL,855
0.6900000000000001,0.04534993397472175,-1.9881154499151108,0.0,0.07368421052631578,855.0,63.0,dvd,REVEL,855
0.7000000000000001,0.045224171539961014,-2.0877192982456148,0.0,0.07368421052631578,855.0,63.0,dvd,REVEL,855
0.7100000000000001,0.04392014519056261,-2.194192377495464,0.0,0.07368421052631578,855.0,63.0,dvd,REVEL,855
0.72,0.044444444444444446,-2.308270676691729,0.0,0.07368421052631578,855.0,63.0,dvd,REVEL,855
0.73,0.044444444444444446,-2.4307992202729043,0.0,0.07368421052631578,855.0,63.0,dvd,REVEL,855
0.74,0.044444444444444446,-2.562753036437247,0.0,0.07368421052631578,855.0,63.0,dvd,REVEL,855
0.75,0.044444444444444446,-2.705263157894737,0.0,0.07368421052631578,855.0,63.0,dvd,REVEL,855
0.76,0.04327485380116959,-2.859649122807018,0.0,0.07368421052631578,855.0,63.0,dvd,REVEL,855
0.77,0.042105263157894736,-3.02745995423341,0.0,0.07368421052631578,855.0,63.0,dvd,REVEL,855
0.78,0.042105263157894736,-3.2105263157894743,0.0,0.07368421052631578,855.0,63.0,dvd,REVEL,855
0.79,0.042105263157894736,-3.411027568922307,0.0,0.07368421052631578,855.0,63.0,dvd,REVEL,855
0.8,0.03976608187134503,-3.631578947368422,0.0,0.07368421052631578,855.0,63.0,dvd,REVEL,855
0.81,0.03742690058479532,-3.875346260387813,0.0,0.07368421052631578,855.0,63.0,dvd,REVEL,855
0.8200000000000001,0.03508771929824561,-4.146198830409358,0.0,0.07368421052631578,855.0,63.0,dvd,REVEL,855
0.8300000000000001,0.03274853801169591,-4.448916408668733,0.0,0.07368421052631578,855.0,63.0,dvd,REVEL,855
0.8400000000000001,0.031578947368421054,-4.78947368421053,0.0,0.07368421052631578,855.0,63.0,dvd,REVEL,855
0.85,0.0304093567251462,-5.175438596491228,0.0,0.07368421052631578,855.0,63.0,dvd,REVEL,855
0.86,0.029239766081871343,-5.616541353383458,0.0,0.07368421052631578,855.0,63.0,dvd,REVEL,855
0.87,0.029239766081871343,-6.125506072874494,0.0,0.07368421052631578,855.0,63.0,dvd,REVEL,855
0.88,0.028070175438596492,-6.719298245614036,0.0,0.07368421052631578,855.0,63.0,dvd,REVEL,855
0.89,0.028070175438596492,-7.421052631578949,0.0,0.07368421052631578,855.0,63.0,dvd,REVEL,855
0.9,0.026900584795321637,-8.263157894736842,0.0,0.07368421052631578,855.0,63.0,dvd,REVEL,855
0.91,0.023391812865497075,-9.292397660818716,0.0,0.07368421052631578,855.0,63.0,dvd,REVEL,855
0.92,0.022222222222222223,-10.578947368421058,0.0,0.07368421052631578,855.0,63.0,dvd,REVEL,855
0.93,0.019883040935672516,-12.233082706766925,0.0,0.07368421052631578,855.0,63.0,dvd,REVEL,855
0.9400000000000001,0.012865497076023392,-14.438596491228084,0.0,0.07368421052631578,855.0,63.0,dvd,REVEL,855
0.9500000000000001,0.008187134502923977,-17.52631578947371,0.0,0.07368421052631578,855.0,63.0,dvd,REVEL,855
0.9600000000000001,0.004678362573099415,-22.15789473684215,0.0,0.07368421052631578,855.0,63.0,dvd,REVEL,855
0.97,0.0023391812865497076,-29.877192982456116,0.0,0.07368421052631578,855.0,63.0,dvd,REVEL,855
0.98,0.0,-45.31578947368417,0.0,0.07368421052631578,855.0,63.0,dvd,REVEL,855
0.99,0.0,-91.63157894736835,0.0,0.07368421052631578,855.0,63.0,dvd,REVEL,855
